event_name,season,match_number,date,city,venue,team1,team2,toss_winner,toss_decision,winner
Indian Premier League,2007/08,1,2008-04-18,Bangalore,M Chinnaswamy Stadium,Royal Challengers Bangalore,Kolkata Knight Riders,Royal Challengers Bangalore,field,Kolkata Knight Riders
Indian Premier League,2007/08,2,2008-04-19,Chandigarh,"Punjab Cricket Association Stadium, Mohali",Kings XI Punjab,Chennai Super Kings,Chennai Super Kings,bat,Chennai Super Kings
Indian Premier League,2007/08,3,2008-04-19,Delhi,Feroz Shah Kotla,Delhi Daredevils,Rajasthan Royals,Rajasthan Royals,bat,Delhi Daredevils
Indian Premier League,2007/08,4,2008-04-20,Kolkata,Eden Gardens,Kolkata Knight Riders,Deccan Chargers,Deccan Chargers,bat,Kolkata Knight Riders
Indian Premier League,2007/08,5,2008-04-20,Mumbai,Wankhede Stadium,Mumbai Indians,Royal Challengers Bangalore,Mumbai Indians,bat,Royal Challengers Bangalore
Indian Premier League,2007/08,6,2008-04-21,Jaipur,Sawai Mansingh Stadium,Rajasthan Royals,Kings XI Punjab,Kings XI Punjab,bat,Rajasthan Royals
Indian Premier League,2007/08,7,2008-04-22,Hyderabad,"Rajiv Gandhi International Stadium, Uppal",Deccan Chargers,Delhi Daredevils,Deccan Chargers,bat,Delhi Daredevils
Indian Premier League,2007/08,8,2008-04-23,Chennai,"MA Chidambaram Stadium, Chepauk",Chennai Super Kings,Mumbai Indians,Mumbai Indians,field,Chennai Super Kings
Indian Premier League,2007/08,9,2008-04-24,Hyderabad,"Rajiv Gandhi International Stadium, Uppal",Deccan Chargers,Rajasthan Royals,Rajasthan Royals,field,Rajasthan Royals
Indian Premier League,2007/08,10,2008-04-25,Chandigarh,"Punjab Cricket Association Stadium, Mohali",Kings XI Punjab,Mumbai Indians,Mumbai Indians,field,Kings XI Punjab
Indian Premier League,2007/08,11,2008-04-26,Chennai,"MA Chidambaram Stadium, Chepauk",Chennai Super Kings,Kolkata Knight Riders,Kolkata Knight Riders,bat,Chennai Super Kings
Indian Premier League,2007/08,12,2008-04-26,Bangalore,M Chinnaswamy Stadium,Royal Challengers Bangalore,Rajasthan Royals,Rajasthan Royals,field,Rajasthan Royals
Indian Premier League,2007/08,13,2008-04-27,Chandigarh,"Punjab Cricket Association Stadium, Mohali",Kings XI Punjab,Delhi Daredevils,Delhi Daredevils,bat,Kings XI Punjab
Indian Premier League,2007/08,14,2008-04-27,Mumbai,Dr DY Patil Sports Academy,Mumbai Indians,Deccan Chargers,Deccan Chargers,field,Deccan Chargers
Indian Premier League,2007/08,15,2008-04-28,Bangalore,M Chinnaswamy Stadium,Royal Challengers Bangalore,Chennai Super Kings,Chennai Super Kings,bat,Chennai Super Kings
Indian Premier League,2007/08,16,2008-04-29,Kolkata,Eden Gardens,Kolkata Knight Riders,Mumbai Indians,Kolkata Knight Riders,bat,Mumbai Indians
Indian Premier League,2007/08,17,2008-04-30,Delhi,Feroz Shah Kotla,Delhi Daredevils,Royal Challengers Bangalore,Royal Challengers Bangalore,field,Delhi Daredevils
Indian Premier League,2007/08,18,2008-05-01,Jaipur,Sawai Mansingh Stadium,Rajasthan Royals,Kolkata Knight Riders,Rajasthan Royals,bat,Rajasthan Royals
Indian Premier League,2007/08,19,2008-05-01,Hyderabad,"Rajiv Gandhi International Stadium, Uppal",Deccan Chargers,Kings XI Punjab,Kings XI Punjab,field,Kings XI Punjab
Indian Premier League,2007/08,20,2008-05-02,Chennai,"MA Chidambaram Stadium, Chepauk",Chennai Super Kings,Delhi Daredevils,Chennai Super Kings,bat,Delhi Daredevils
Indian Premier League,2007/08,21,2008-05-03,Bangalore,M Chinnaswamy Stadium,Royal Challengers Bangalore,Deccan Chargers,Deccan Chargers,field,Royal Challengers Bangalore
Indian Premier League,2007/08,22,2008-05-03,Chandigarh,"Punjab Cricket Association Stadium, Mohali",Kings XI Punjab,Kolkata Knight Riders,Kings XI Punjab,bat,Kings XI Punjab
Indian Premier League,2007/08,23,2008-05-04,Mumbai,Dr DY Patil Sports Academy,Mumbai Indians,Delhi Daredevils,Delhi Daredevils,field,Mumbai Indians
Indian Premier League,2007/08,24,2008-05-04,Jaipur,Sawai Mansingh Stadium,Rajasthan Royals,Chennai Super Kings,Chennai Super Kings,bat,Rajasthan Royals
Indian Premier League,2007/08,25,2008-05-05,Bangalore,M Chinnaswamy Stadium,Royal Challengers Bangalore,Kings XI Punjab,Kings XI Punjab,field,Kings XI Punjab
Indian Premier League,2007/08,26,2008-05-06,Chennai,"MA Chidambaram Stadium, Chepauk",Chennai Super Kings,Deccan Chargers,Deccan Chargers,field,Deccan Chargers
Indian Premier League,2007/08,27,2008-05-07,Mumbai,Dr DY Patil Sports Academy,Mumbai Indians,Rajasthan Royals,Mumbai Indians,field,Mumbai Indians
Indian Premier League,2007/08,28,2008-05-08,Delhi,Feroz Shah Kotla,Delhi Daredevils,Chennai Super Kings,Chennai Super Kings,field,Chennai Super Kings
Indian Premier League,2007/08,29,2008-05-08,Kolkata,Eden Gardens,Kolkata Knight Riders,Royal Challengers Bangalore,Kolkata Knight Riders,bat,Kolkata Knight Riders
Indian Premier League,2007/08,30,2008-05-09,Jaipur,Sawai Mansingh Stadium,Rajasthan Royals,Deccan Chargers,Rajasthan Royals,field,Rajasthan Royals
Indian Premier League,2007/08,31,2008-05-10,Chennai,"MA Chidambaram Stadium, Chepauk",Chennai Super Kings,Kings XI Punjab,Kings XI Punjab,field,Chennai Super Kings
Indian Premier League,2007/08,32,2008-05-11,Hyderabad,"Rajiv Gandhi International Stadium, Uppal",Deccan Chargers,Kolkata Knight Riders,Kolkata Knight Riders,bat,Kolkata Knight Riders
Indian Premier League,2007/08,33,2008-05-11,Jaipur,Sawai Mansingh Stadium,Rajasthan Royals,Delhi Daredevils,Rajasthan Royals,field,Rajasthan Royals
Indian Premier League,2007/08,34,2008-05-12,Chandigarh,"Punjab Cricket Association Stadium, Mohali",Kings XI Punjab,Royal Challengers Bangalore,Royal Challengers Bangalore,bat,Kings XI Punjab
Indian Premier League,2007/08,35,2008-05-13,Kolkata,Eden Gardens,Kolkata Knight Riders,Delhi Daredevils,Kolkata Knight Riders,bat,Kolkata Knight Riders
Indian Premier League,2007/08,36,2008-05-14,Mumbai,Wankhede Stadium,Mumbai Indians,Chennai Super Kings,Mumbai Indians,field,Mumbai Indians
Indian Premier League,2007/08,37,2008-05-15,Delhi,Feroz Shah Kotla,Delhi Daredevils,Deccan Chargers,Deccan Chargers,field,Delhi Daredevils
Indian Premier League,2007/08,38,2008-05-16,Mumbai,Wankhede Stadium,Mumbai Indians,Kolkata Knight Riders,Mumbai Indians,field,Mumbai Indians
Indian Premier League,2007/08,39,2008-05-17,Jaipur,Sawai Mansingh Stadium,Rajasthan Royals,Royal Challengers Bangalore,Royal Challengers Bangalore,field,Rajasthan Royals
Indian Premier League,2007/08,40,2008-05-17,Delhi,Feroz Shah Kotla,Delhi Daredevils,Kings XI Punjab,Delhi Daredevils,bat,Kings XI Punjab
Indian Premier League,2007/08,41,2008-05-18,Kolkata,Eden Gardens,Kolkata Knight Riders,Chennai Super Kings,Kolkata Knight Riders,bat,Chennai Super Kings
Indian Premier League,2007/08,42,2008-05-18,Hyderabad,"Rajiv Gandhi International Stadium, Uppal",Deccan Chargers,Mumbai Indians,Deccan Chargers,field,Mumbai Indians
Indian Premier League,2007/08,43,2008-05-19,Bangalore,M Chinnaswamy Stadium,Royal Challengers Bangalore,Delhi Daredevils,Delhi Daredevils,field,Delhi Daredevils
Indian Premier League,2007/08,44,2008-05-20,Kolkata,Eden Gardens,Kolkata Knight Riders,Rajasthan Royals,Rajasthan Royals,field,Rajasthan Royals
Indian Premier League,2007/08,45,2008-05-21,Mumbai,Wankhede Stadium,Mumbai Indians,Kings XI Punjab,Mumbai Indians,field,Kings XI Punjab
Indian Premier League,2007/08,46,2008-05-21,Chennai,"MA Chidambaram Stadium, Chepauk",Chennai Super Kings,Royal Challengers Bangalore,Royal Challengers Bangalore,bat,Royal Challengers Bangalore
Indian Premier League,2007/08,48,2008-05-23,Chandigarh,"Punjab Cricket Association Stadium, Mohali",Kings XI Punjab,Deccan Chargers,Kings XI Punjab,field,Kings XI Punjab
Indian Premier League,2007/08,49,2008-05-24,Chennai,"MA Chidambaram Stadium, Chepauk",Chennai Super Kings,Rajasthan Royals,Rajasthan Royals,bat,Rajasthan Royals
Indian Premier League,2007/08,50,2008-05-24,Delhi,Feroz Shah Kotla,Delhi Daredevils,Mumbai Indians,Delhi Daredevils,field,Delhi Daredevils
Indian Premier League,2007/08,51,2008-05-25,Hyderabad,"Rajiv Gandhi International Stadium, Uppal",Deccan Chargers,Royal Challengers Bangalore,Deccan Chargers,bat,Royal Challengers Bangalore
Indian Premier League,2007/08,52,2008-05-25,Kolkata,Eden Gardens,Kolkata Knight Riders,Kings XI Punjab,Kings XI Punjab,bat,Kolkata Knight Riders
Indian Premier League,2007/08,53,2008-05-26,Jaipur,Sawai Mansingh Stadium,Rajasthan Royals,Mumbai Indians,Rajasthan Royals,field,Rajasthan Royals
Indian Premier League,2007/08,54,2008-05-27,Hyderabad,"Rajiv Gandhi International Stadium, Uppal",Deccan Chargers,Chennai Super Kings,Deccan Chargers,bat,Chennai Super Kings
Indian Premier League,2007/08,55,2008-05-28,Bangalore,M Chinnaswamy Stadium,Royal Challengers Bangalore,Mumbai Indians,Mumbai Indians,field,Mumbai Indians
Indian Premier League,2007/08,56,2008-05-28,Chandigarh,"Punjab Cricket Association Stadium, Mohali",Kings XI Punjab,Rajasthan Royals,Rajasthan Royals,field,Kings XI Punjab
Indian Premier League,2007/08,N/A,2008-05-30,Mumbai,Wankhede Stadium,Delhi Daredevils,Rajasthan Royals,Delhi Daredevils,field,Rajasthan Royals
Indian Premier League,2007/08,N/A,2008-05-31,Mumbai,Wankhede Stadium,Chennai Super Kings,Kings XI Punjab,Kings XI Punjab,bat,Chennai Super Kings
Indian Premier League,2007/08,N/A,2008-06-01,Mumbai,Dr DY Patil Sports Academy,Chennai Super Kings,Rajasthan Royals,Rajasthan Royals,field,Rajasthan Royals
Indian Premier League,2009,1,2009-04-18,Cape Town,Newlands,Chennai Super Kings,Mumbai Indians,Chennai Super Kings,field,Mumbai Indians
Indian Premier League,2009,2,2009-04-18,Cape Town,Newlands,Royal Challengers Bangalore,Rajasthan Royals,Royal Challengers Bangalore,bat,Royal Challengers Bangalore
Indian Premier League,2009,3,2009-04-19,Cape Town,Newlands,Delhi Daredevils,Kings XI Punjab,Delhi Daredevils,field,Delhi Daredevils
Indian Premier League,2009,4,2009-04-19,Cape Town,Newlands,Deccan Chargers,Kolkata Knight Riders,Kolkata Knight Riders,bat,Deccan Chargers
Indian Premier League,2009,5,2009-04-20,Port Elizabeth,St George's Park,Royal Challengers Bangalore,Chennai Super Kings,Chennai Super Kings,bat,Chennai Super Kings
Indian Premier League,2009,6,2009-04-21,Durban,Kingsmead,Kings XI Punjab,Kolkata Knight Riders,Kolkata Knight Riders,field,Kolkata Knight Riders
Indian Premier League,2009,8,2009-04-22,Cape Town,Newlands,Royal Challengers Bangalore,Deccan Chargers,Deccan Chargers,bat,Deccan Chargers
Indian Premier League,2009,9,2009-04-23,Durban,Kingsmead,Chennai Super Kings,Delhi Daredevils,Delhi Daredevils,bat,Delhi Daredevils
Indian Premier League,2009,10,2009-04-23,Cape Town,Newlands,Kolkata Knight Riders,Rajasthan Royals,Kolkata Knight Riders,field,None
Indian Premier League,2009,11,2009-04-24,Durban,Kingsmead,Royal Challengers Bangalore,Kings XI Punjab,Royal Challengers Bangalore,bat,Kings XI Punjab
Indian Premier League,2009,12,2009-04-25,Durban,Kingsmead,Deccan Chargers,Mumbai Indians,Deccan Chargers,bat,Deccan Chargers
Indian Premier League,2009,14,2009-04-26,Port Elizabeth,St George's Park,Royal Challengers Bangalore,Delhi Daredevils,Royal Challengers Bangalore,bat,Delhi Daredevils
Indian Premier League,2009,15,2009-04-26,Cape Town,Newlands,Kings XI Punjab,Rajasthan Royals,Kings XI Punjab,bat,Kings XI Punjab
Indian Premier League,2009,16,2009-04-27,Durban,Kingsmead,Chennai Super Kings,Deccan Chargers,Deccan Chargers,field,Deccan Chargers
Indian Premier League,2009,17,2009-04-27,Port Elizabeth,St George's Park,Kolkata Knight Riders,Mumbai Indians,Mumbai Indians,bat,Mumbai Indians
Indian Premier League,2009,18,2009-04-28,Centurion,SuperSport Park,Delhi Daredevils,Rajasthan Royals,Delhi Daredevils,bat,Rajasthan Royals
Indian Premier League,2009,19,2009-04-29,Durban,Kingsmead,Royal Challengers Bangalore,Kolkata Knight Riders,Kolkata Knight Riders,bat,Royal Challengers Bangalore
Indian Premier League,2009,20,2009-04-29,Durban,Kingsmead,Kings XI Punjab,Mumbai Indians,Kings XI Punjab,bat,Kings XI Punjab
Indian Premier League,2009,21,2009-04-30,Centurion,SuperSport Park,Deccan Chargers,Delhi Daredevils,Delhi Daredevils,field,Delhi Daredevils
Indian Premier League,2009,22,2009-04-30,Centurion,SuperSport Park,Chennai Super Kings,Rajasthan Royals,Rajasthan Royals,field,Chennai Super Kings
Indian Premier League,2009,23,2009-05-01,East London,Buffalo Park,Kolkata Knight Riders,Mumbai Indians,Mumbai Indians,bat,Mumbai Indians
Indian Premier League,2009,24,2009-05-01,Durban,Kingsmead,Royal Challengers Bangalore,Kings XI Punjab,Royal Challengers Bangalore,bat,Royal Challengers Bangalore
Indian Premier League,2009,25,2009-05-02,Port Elizabeth,St George's Park,Deccan Chargers,Rajasthan Royals,Deccan Chargers,bat,Rajasthan Royals
Indian Premier League,2009,26,2009-05-02,Johannesburg,New Wanderers Stadium,Chennai Super Kings,Delhi Daredevils,Delhi Daredevils,field,Chennai Super Kings
Indian Premier League,2009,27,2009-05-03,Port Elizabeth,St George's Park,Kings XI Punjab,Kolkata Knight Riders,Kolkata Knight Riders,bat,Kings XI Punjab
Indian Premier League,2009,28,2009-05-03,Johannesburg,New Wanderers Stadium,Royal Challengers Bangalore,Mumbai Indians,Mumbai Indians,bat,Royal Challengers Bangalore
Indian Premier League,2009,29,2009-05-04,East London,Buffalo Park,Chennai Super Kings,Deccan Chargers,Chennai Super Kings,bat,Chennai Super Kings
Indian Premier League,2009,30,2009-05-05,Durban,Kingsmead,Kings XI Punjab,Rajasthan Royals,Kings XI Punjab,field,Rajasthan Royals
Indian Premier League,2009,31,2009-05-05,Durban,Kingsmead,Delhi Daredevils,Kolkata Knight Riders,Kolkata Knight Riders,bat,Delhi Daredevils
Indian Premier League,2009,32,2009-05-06,Centurion,SuperSport Park,Deccan Chargers,Mumbai Indians,Deccan Chargers,bat,Deccan Chargers
Indian Premier League,2009,33,2009-05-07,Centurion,SuperSport Park,Royal Challengers Bangalore,Rajasthan Royals,Rajasthan Royals,field,Rajasthan Royals
Indian Premier League,2009,34,2009-05-07,Centurion,SuperSport Park,Chennai Super Kings,Kings XI Punjab,Chennai Super Kings,bat,Chennai Super Kings
Indian Premier League,2009,35,2009-05-08,East London,Buffalo Park,Delhi Daredevils,Mumbai Indians,Mumbai Indians,bat,Delhi Daredevils
Indian Premier League,2009,36,2009-05-09,Kimberley,De Beers Diamond Oval,Deccan Chargers,Kings XI Punjab,Kings XI Punjab,field,Kings XI Punjab
Indian Premier League,2009,37,2009-05-09,Kimberley,De Beers Diamond Oval,Chennai Super Kings,Rajasthan Royals,Rajasthan Royals,bat,Chennai Super Kings
Indian Premier League,2009,38,2009-05-10,Port Elizabeth,St George's Park,Royal Challengers Bangalore,Mumbai Indians,Mumbai Indians,bat,Mumbai Indians
Indian Premier League,2009,39,2009-05-10,Johannesburg,New Wanderers Stadium,Delhi Daredevils,Kolkata Knight Riders,Delhi Daredevils,field,Delhi Daredevils
Indian Premier League,2009,40,2009-05-11,Kimberley,De Beers Diamond Oval,Deccan Chargers,Rajasthan Royals,Deccan Chargers,bat,Deccan Chargers
Indian Premier League,2009,41,2009-05-12,Centurion,SuperSport Park,Royal Challengers Bangalore,Kolkata Knight Riders,Royal Challengers Bangalore,field,Royal Challengers Bangalore
Indian Premier League,2009,42,2009-05-12,Centurion,SuperSport Park,Kings XI Punjab,Mumbai Indians,Kings XI Punjab,bat,Mumbai Indians
Indian Premier League,2009,43,2009-05-13,Durban,Kingsmead,Deccan Chargers,Delhi Daredevils,Deccan Chargers,field,Delhi Daredevils
Indian Premier League,2009,44,2009-05-14,Durban,Kingsmead,Royal Challengers Bangalore,Chennai Super Kings,Chennai Super Kings,bat,Royal Challengers Bangalore
Indian Premier League,2009,45,2009-05-14,Durban,Kingsmead,Mumbai Indians,Rajasthan Royals,Rajasthan Royals,bat,Rajasthan Royals
Indian Premier League,2009,46,2009-05-15,Bloemfontein,OUTsurance Oval,Delhi Daredevils,Kings XI Punjab,Kings XI Punjab,field,Kings XI Punjab
Indian Premier League,2009,47,2009-05-16,Port Elizabeth,St George's Park,Chennai Super Kings,Mumbai Indians,Mumbai Indians,bat,Chennai Super Kings
Indian Premier League,2009,48,2009-05-16,Johannesburg,New Wanderers Stadium,Deccan Chargers,Kolkata Knight Riders,Deccan Chargers,field,Deccan Chargers
Indian Premier League,2009,49,2009-05-17,Johannesburg,New Wanderers Stadium,Deccan Chargers,Kings XI Punjab,Deccan Chargers,field,Kings XI Punjab
Indian Premier League,2009,50,2009-05-17,Bloemfontein,OUTsurance Oval,Delhi Daredevils,Rajasthan Royals,Delhi Daredevils,bat,Delhi Daredevils
Indian Premier League,2009,51,2009-05-18,Centurion,SuperSport Park,Chennai Super Kings,Kolkata Knight Riders,Chennai Super Kings,bat,Kolkata Knight Riders
Indian Premier League,2009,52,2009-05-19,Johannesburg,New Wanderers Stadium,Royal Challengers Bangalore,Delhi Daredevils,Delhi Daredevils,bat,Royal Challengers Bangalore
Indian Premier League,2009,53,2009-05-20,Durban,Kingsmead,Kolkata Knight Riders,Rajasthan Royals,Kolkata Knight Riders,field,Kolkata Knight Riders
Indian Premier League,2009,54,2009-05-20,Durban,Kingsmead,Chennai Super Kings,Kings XI Punjab,Chennai Super Kings,bat,Chennai Super Kings
Indian Premier League,2009,55,2009-05-21,Centurion,SuperSport Park,Delhi Daredevils,Mumbai Indians,Delhi Daredevils,field,Delhi Daredevils
Indian Premier League,2009,56,2009-05-21,Centurion,SuperSport Park,Royal Challengers Bangalore,Deccan Chargers,Royal Challengers Bangalore,bat,Royal Challengers Bangalore
Indian Premier League,2009,N/A,2009-05-22,Centurion,SuperSport Park,Delhi Daredevils,Deccan Chargers,Deccan Chargers,field,Deccan Chargers
Indian Premier League,2009,N/A,2009-05-23,Johannesburg,New Wanderers Stadium,Royal Challengers Bangalore,Chennai Super Kings,Royal Challengers Bangalore,field,Royal Challengers Bangalore
Indian Premier League,2009,N/A,2009-05-24,Johannesburg,New Wanderers Stadium,Royal Challengers Bangalore,Deccan Chargers,Royal Challengers Bangalore,field,Deccan Chargers
Indian Premier League,2009/10,1,2010-03-12,Mumbai,Dr DY Patil Sports Academy,Deccan Chargers,Kolkata Knight Riders,Deccan Chargers,field,Kolkata Knight Riders
Indian Premier League,2009/10,2,2010-03-13,Mumbai,Brabourne Stadium,Mumbai Indians,Rajasthan Royals,Mumbai Indians,bat,Mumbai Indians
Indian Premier League,2009/10,3,2010-03-13,Chandigarh,"Punjab Cricket Association Stadium, Mohali",Kings XI Punjab,Delhi Daredevils,Delhi Daredevils,field,Delhi Daredevils
Indian Premier League,2009/10,4,2010-03-14,Kolkata,Eden Gardens,Kolkata Knight Riders,Royal Challengers Bangalore,Kolkata Knight Riders,field,Kolkata Knight Riders
Indian Premier League,2009/10,5,2010-03-14,Chennai,"MA Chidambaram Stadium, Chepauk",Chennai Super Kings,Deccan Chargers,Deccan Chargers,bat,Deccan Chargers
Indian Premier League,2009/10,6,2010-03-15,Ahmedabad,"Sardar Patel Stadium, Motera",Rajasthan Royals,Delhi Daredevils,Delhi Daredevils,field,Delhi Daredevils
Indian Premier League,2009/10,7,2010-03-16,Bangalore,M Chinnaswamy Stadium,Royal Challengers Bangalore,Kings XI Punjab,Kings XI Punjab,bat,Royal Challengers Bangalore
Indian Premier League,2009/10,8,2010-03-16,Kolkata,Eden Gardens,Kolkata Knight Riders,Chennai Super Kings,Chennai Super Kings,bat,Chennai Super Kings
Indian Premier League,2009/10,9,2010-03-17,Delhi,Feroz Shah Kotla,Delhi Daredevils,Mumbai Indians,Delhi Daredevils,field,Mumbai Indians
Indian Premier League,2009/10,10,2010-03-18,Bangalore,M Chinnaswamy Stadium,Royal Challengers Bangalore,Rajasthan Royals,Royal Challengers Bangalore,field,Royal Challengers Bangalore
Indian Premier League,2009/10,11,2010-03-19,Delhi,Feroz Shah Kotla,Delhi Daredevils,Chennai Super Kings,Delhi Daredevils,bat,Chennai Super Kings
Indian Premier League,2009/10,12,2010-03-19,Cuttack,Barabati Stadium,Deccan Chargers,Kings XI Punjab,Kings XI Punjab,field,Deccan Chargers
Indian Premier League,2009/10,13,2010-03-20,Ahmedabad,"Sardar Patel Stadium, Motera",Rajasthan Royals,Kolkata Knight Riders,Rajasthan Royals,bat,Rajasthan Royals
Indian Premier League,2009/10,14,2010-03-20,Mumbai,Brabourne Stadium,Mumbai Indians,Royal Challengers Bangalore,Mumbai Indians,bat,Royal Challengers Bangalore
Indian Premier League,2009/10,15,2010-03-21,Cuttack,Barabati Stadium,Deccan Chargers,Delhi Daredevils,Deccan Chargers,bat,Deccan Chargers
Indian Premier League,2009/10,16,2010-03-21,Chennai,"MA Chidambaram Stadium, Chepauk",Chennai Super Kings,Kings XI Punjab,Chennai Super Kings,field,None
Indian Premier League,2009/10,17,2010-03-22,Mumbai,Brabourne Stadium,Mumbai Indians,Kolkata Knight Riders,Kolkata Knight Riders,bat,Mumbai Indians
Indian Premier League,2009/10,18,2010-03-23,Bangalore,M Chinnaswamy Stadium,Royal Challengers Bangalore,Chennai Super Kings,Chennai Super Kings,field,Royal Challengers Bangalore
Indian Premier League,2009/10,19,2010-03-24,Chandigarh,"Punjab Cricket Association Stadium, Mohali",Kings XI Punjab,Rajasthan Royals,Kings XI Punjab,field,Rajasthan Royals
Indian Premier League,2009/10,20,2010-03-25,Bangalore,M Chinnaswamy Stadium,Royal Challengers Bangalore,Delhi Daredevils,Royal Challengers Bangalore,field,Delhi Daredevils
Indian Premier League,2009/10,21,2010-03-25,Mumbai,"Brabourne Stadium, Mumbai",Chennai Super Kings,Mumbai Indians,Mumbai Indians,field,Mumbai Indians
Indian Premier League,2009/10,22,2010-03-26,Ahmedabad,"Sardar Patel Stadium, Motera",Rajasthan Royals,Deccan Chargers,Deccan Chargers,bat,Rajasthan Royals
Indian Premier League,2009/10,23,2010-03-27,Chandigarh,"Punjab Cricket Association Stadium, Mohali",Kings XI Punjab,Kolkata Knight Riders,Kolkata Knight Riders,bat,Kolkata Knight Riders
Indian Premier League,2009/10,24,2010-03-28,Ahmedabad,"Sardar Patel Stadium, Motera",Rajasthan Royals,Chennai Super Kings,Rajasthan Royals,bat,Rajasthan Royals
Indian Premier League,2009/10,25,2010-03-28,Mumbai,Dr DY Patil Sports Academy,Deccan Chargers,Mumbai Indians,Deccan Chargers,field,Mumbai Indians
Indian Premier League,2009/10,26,2010-03-29,Delhi,Feroz Shah Kotla,Delhi Daredevils,Kolkata Knight Riders,Delhi Daredevils,bat,Delhi Daredevils
Indian Premier League,2009/10,27,2010-03-30,Mumbai,Brabourne Stadium,Mumbai Indians,Kings XI Punjab,Mumbai Indians,field,Mumbai Indians
Indian Premier League,2009/10,28,2010-03-31,Chennai,"MA Chidambaram Stadium, Chepauk",Chennai Super Kings,Royal Challengers Bangalore,Royal Challengers Bangalore,bat,Chennai Super Kings
Indian Premier League,2009/10,29,2010-03-31,Delhi,Feroz Shah Kotla,Delhi Daredevils,Rajasthan Royals,Delhi Daredevils,bat,Delhi Daredevils
Indian Premier League,2009/10,30,2010-04-01,Kolkata,Eden Gardens,Kolkata Knight Riders,Deccan Chargers,Kolkata Knight Riders,bat,Kolkata Knight Riders
Indian Premier League,2009/10,31,2010-04-02,Chandigarh,"Punjab Cricket Association Stadium, Mohali",Kings XI Punjab,Royal Challengers Bangalore,Kings XI Punjab,bat,Royal Challengers Bangalore
Indian Premier League,2009/10,32,2010-04-03,Chennai,"MA Chidambaram Stadium, Chepauk",Chennai Super Kings,Rajasthan Royals,Chennai Super Kings,bat,Chennai Super Kings
Indian Premier League,2009/10,33,2010-04-03,Mumbai,Brabourne Stadium,Mumbai Indians,Deccan Chargers,Mumbai Indians,bat,Mumbai Indians
Indian Premier League,2009/10,34,2010-04-04,Kolkata,Eden Gardens,Kolkata Knight Riders,Kings XI Punjab,Kolkata Knight Riders,bat,Kings XI Punjab
Indian Premier League,2009/10,35,2010-04-04,Delhi,Feroz Shah Kotla,Delhi Daredevils,Royal Challengers Bangalore,Delhi Daredevils,bat,Delhi Daredevils
Indian Premier League,2009/10,36,2010-04-05,Nagpur,"Vidarbha Cricket Association Stadium, Jamtha",Deccan Chargers,Rajasthan Royals,Rajasthan Royals,bat,Rajasthan Royals
Indian Premier League,2009/10,37,2010-04-06,Chennai,"MA Chidambaram Stadium, Chepauk",Chennai Super Kings,Mumbai Indians,Chennai Super Kings,bat,Chennai Super Kings
Indian Premier League,2009/10,38,2010-04-07,Jaipur,Sawai Mansingh Stadium,Rajasthan Royals,Kings XI Punjab,Kings XI Punjab,bat,Rajasthan Royals
Indian Premier League,2009/10,39,2010-04-07,Kolkata,Eden Gardens,Kolkata Knight Riders,Delhi Daredevils,Kolkata Knight Riders,bat,Kolkata Knight Riders
Indian Premier League,2009/10,40,2010-04-08,Bangalore,M Chinnaswamy Stadium,Royal Challengers Bangalore,Deccan Chargers,Deccan Chargers,field,Deccan Chargers
Indian Premier League,2009/10,41,2010-04-09,Chandigarh,"Punjab Cricket Association Stadium, Mohali",Kings XI Punjab,Mumbai Indians,Mumbai Indians,bat,Kings XI Punjab
Indian Premier League,2009/10,42,2010-04-10,Nagpur,"Vidarbha Cricket Association Stadium, Jamtha",Deccan Chargers,Chennai Super Kings,Chennai Super Kings,bat,Deccan Chargers
Indian Premier League,2009/10,43,2010-04-10,Bangalore,M Chinnaswamy Stadium,Royal Challengers Bangalore,Kolkata Knight Riders,Royal Challengers Bangalore,field,Royal Challengers Bangalore
Indian Premier League,2009/10,44,2010-04-11,Delhi,Feroz Shah Kotla,Delhi Daredevils,Kings XI Punjab,Delhi Daredevils,bat,Kings XI Punjab
Indian Premier League,2009/10,45,2010-04-11,Jaipur,Sawai Mansingh Stadium,Rajasthan Royals,Mumbai Indians,Rajasthan Royals,field,Mumbai Indians
Indian Premier League,2009/10,46,2010-04-12,Nagpur,"Vidarbha Cricket Association Stadium, Jamtha",Deccan Chargers,Royal Challengers Bangalore,Royal Challengers Bangalore,field,Deccan Chargers
Indian Premier League,2009/10,47,2010-04-13,Mumbai,Brabourne Stadium,Mumbai Indians,Delhi Daredevils,Mumbai Indians,bat,Mumbai Indians
Indian Premier League,2009/10,48,2010-04-13,Chennai,"MA Chidambaram Stadium, Chepauk",Chennai Super Kings,Kolkata Knight Riders,Kolkata Knight Riders,bat,Chennai Super Kings
Indian Premier League,2009/10,49,2010-04-14,Jaipur,Sawai Mansingh Stadium,Rajasthan Royals,Royal Challengers Bangalore,Rajasthan Royals,bat,Royal Challengers Bangalore
Indian Premier League,2009/10,50,2010-04-15,Chennai,"MA Chidambaram Stadium, Chepauk",Chennai Super Kings,Delhi Daredevils,Chennai Super Kings,bat,Delhi Daredevils
Indian Premier League,2009/10,51,2010-04-16,Dharamsala,Himachal Pradesh Cricket Association Stadium,Kings XI Punjab,Deccan Chargers,Deccan Chargers,field,Deccan Chargers
Indian Premier League,2009/10,52,2010-04-17,Bangalore,M Chinnaswamy Stadium,Royal Challengers Bangalore,Mumbai Indians,Royal Challengers Bangalore,field,Mumbai Indians
Indian Premier League,2009/10,53,2010-04-17,Kolkata,Eden Gardens,Kolkata Knight Riders,Rajasthan Royals,Rajasthan Royals,bat,Kolkata Knight Riders
Indian Premier League,2009/10,54,2010-04-18,Dharamsala,Himachal Pradesh Cricket Association Stadium,Kings XI Punjab,Chennai Super Kings,Chennai Super Kings,field,Chennai Super Kings
Indian Premier League,2009/10,55,2010-04-18,Delhi,Feroz Shah Kotla,Delhi Daredevils,Deccan Chargers,Deccan Chargers,bat,Deccan Chargers
Indian Premier League,2009/10,56,2010-04-19,Kolkata,Eden Gardens,Kolkata Knight Riders,Mumbai Indians,Mumbai Indians,bat,Kolkata Knight Riders
Indian Premier League,2009/10,N/A,2010-04-21,Mumbai,Dr DY Patil Sports Academy,Royal Challengers Bangalore,Mumbai Indians,Mumbai Indians,bat,Mumbai Indians
Indian Premier League,2009/10,N/A,2010-04-22,Mumbai,Dr DY Patil Sports Academy,Chennai Super Kings,Deccan Chargers,Chennai Super Kings,bat,Chennai Super Kings
Indian Premier League,2009/10,N/A,2010-04-24,Mumbai,Dr DY Patil Sports Academy,Royal Challengers Bangalore,Deccan Chargers,Deccan Chargers,bat,Royal Challengers Bangalore
Indian Premier League,2009/10,N/A,2010-04-25,Mumbai,Dr DY Patil Sports Academy,Chennai Super Kings,Mumbai Indians,Chennai Super Kings,bat,Chennai Super Kings
Indian Premier League,2011,1,2011-04-08,Chennai,"MA Chidambaram Stadium, Chepauk",Chennai Super Kings,Kolkata Knight Riders,Chennai Super Kings,bat,Chennai Super Kings
Indian Premier League,2011,2,2011-04-09,Hyderabad,"Rajiv Gandhi International Stadium, Uppal",Deccan Chargers,Rajasthan Royals,Rajasthan Royals,field,Rajasthan Royals
Indian Premier League,2011,3,2011-04-09,Kochi,Nehru Stadium,Kochi Tuskers Kerala,Royal Challengers Bangalore,Kochi Tuskers Kerala,bat,Royal Challengers Bangalore
Indian Premier League,2011,4,2011-04-10,Delhi,Feroz Shah Kotla,Delhi Daredevils,Mumbai Indians,Delhi Daredevils,bat,Mumbai Indians
Indian Premier League,2011,5,2011-04-10,Mumbai,Dr DY Patil Sports Academy,Pune Warriors,Kings XI Punjab,Kings XI Punjab,bat,Pune Warriors
Indian Premier League,2011,6,2011-04-11,Kolkata,Eden Gardens,Kolkata Knight Riders,Deccan Chargers,Kolkata Knight Riders,bat,Kolkata Knight Riders
Indian Premier League,2011,7,2011-04-12,Jaipur,Sawai Mansingh Stadium,Rajasthan Royals,Delhi Daredevils,Delhi Daredevils,bat,Rajasthan Royals
Indian Premier League,2011,8,2011-04-12,Bangalore,M Chinnaswamy Stadium,Royal Challengers Bangalore,Mumbai Indians,Mumbai Indians,field,Mumbai Indians
Indian Premier League,2011,9,2011-04-13,Chandigarh,"Punjab Cricket Association Stadium, Mohali",Kings XI Punjab,Chennai Super Kings,Kings XI Punjab,field,Kings XI Punjab
Indian Premier League,2011,10,2011-04-13,Mumbai,Dr DY Patil Sports Academy,Pune Warriors,Kochi Tuskers Kerala,Kochi Tuskers Kerala,bat,Pune Warriors
Indian Premier League,2011,11,2011-04-14,Hyderabad,"Rajiv Gandhi International Stadium, Uppal",Deccan Chargers,Royal Challengers Bangalore,Royal Challengers Bangalore,field,Deccan Chargers
Indian Premier League,2011,12,2011-04-15,Jaipur,Sawai Mansingh Stadium,Rajasthan Royals,Kolkata Knight Riders,Kolkata Knight Riders,field,Kolkata Knight Riders
Indian Premier League,2011,13,2011-04-15,Mumbai,Wankhede Stadium,Mumbai Indians,Kochi Tuskers Kerala,Kochi Tuskers Kerala,field,Kochi Tuskers Kerala
Indian Premier League,2011,14,2011-04-16,Chennai,"MA Chidambaram Stadium, Chepauk",Chennai Super Kings,Royal Challengers Bangalore,Chennai Super Kings,bat,Chennai Super Kings
Indian Premier League,2011,15,2011-04-16,Hyderabad,"Rajiv Gandhi International Stadium, Uppal",Deccan Chargers,Kings XI Punjab,Kings XI Punjab,field,Kings XI Punjab
Indian Premier League,2011,16,2011-04-17,Mumbai,Dr DY Patil Sports Academy,Pune Warriors,Delhi Daredevils,Delhi Daredevils,field,Delhi Daredevils
Indian Premier League,2011,17,2011-04-17,Kolkata,Eden Gardens,Kolkata Knight Riders,Rajasthan Royals,Kolkata Knight Riders,field,Kolkata Knight Riders
Indian Premier League,2011,18,2011-04-18,Kochi,Nehru Stadium,Kochi Tuskers Kerala,Chennai Super Kings,Kochi Tuskers Kerala,field,Kochi Tuskers Kerala
Indian Premier League,2011,19,2011-04-19,Delhi,Feroz Shah Kotla,Delhi Daredevils,Deccan Chargers,Deccan Chargers,bat,Deccan Chargers
Indian Premier League,2011,21,2011-04-20,Mumbai,Wankhede Stadium,Mumbai Indians,Pune Warriors,Pune Warriors,bat,Mumbai Indians
Indian Premier League,2011,22,2011-04-20,Kolkata,Eden Gardens,Kolkata Knight Riders,Kochi Tuskers Kerala,Kolkata Knight Riders,field,Kochi Tuskers Kerala
Indian Premier League,2011,23,2011-04-21,Chandigarh,"Punjab Cricket Association Stadium, Mohali",Kings XI Punjab,Rajasthan Royals,Rajasthan Royals,field,Kings XI Punjab
Indian Premier League,2011,24,2011-04-22,Kolkata,Eden Gardens,Kolkata Knight Riders,Royal Challengers Bangalore,Royal Challengers Bangalore,field,Royal Challengers Bangalore
Indian Premier League,2011,25,2011-04-22,Mumbai,Wankhede Stadium,Mumbai Indians,Chennai Super Kings,Chennai Super Kings,field,Mumbai Indians
Indian Premier League,2011,26,2011-04-23,Delhi,Feroz Shah Kotla,Delhi Daredevils,Kings XI Punjab,Kings XI Punjab,field,Delhi Daredevils
Indian Premier League,2011,27,2011-04-24,Hyderabad,"Rajiv Gandhi International Stadium, Uppal",Deccan Chargers,Mumbai Indians,Deccan Chargers,field,Mumbai Indians
Indian Premier League,2011,28,2011-04-24,Jaipur,Sawai Mansingh Stadium,Rajasthan Royals,Kochi Tuskers Kerala,Rajasthan Royals,field,Rajasthan Royals
Indian Premier League,2011,29,2011-04-25,Chennai,"MA Chidambaram Stadium, Chepauk",Chennai Super Kings,Pune Warriors,Pune Warriors,field,Chennai Super Kings
Indian Premier League,2011,30,2011-04-26,Delhi,Feroz Shah Kotla,Delhi Daredevils,Royal Challengers Bangalore,Royal Challengers Bangalore,field,Royal Challengers Bangalore
Indian Premier League,2011,31,2011-04-27,Mumbai,Dr DY Patil Sports Academy,Pune Warriors,Chennai Super Kings,Pune Warriors,bat,Chennai Super Kings
Indian Premier League,2011,32,2011-04-27,Kochi,Nehru Stadium,Kochi Tuskers Kerala,Deccan Chargers,Kochi Tuskers Kerala,field,Deccan Chargers
Indian Premier League,2011,33,2011-04-28,Delhi,Feroz Shah Kotla,Delhi Daredevils,Kolkata Knight Riders,Delhi Daredevils,field,Kolkata Knight Riders
Indian Premier League,2011,34,2011-04-29,Jaipur,Sawai Mansingh Stadium,Rajasthan Royals,Mumbai Indians,Rajasthan Royals,field,Rajasthan Royals
Indian Premier League,2011,35,2011-04-29,Bangalore,M Chinnaswamy Stadium,Royal Challengers Bangalore,Pune Warriors,Pune Warriors,field,Royal Challengers Bangalore
Indian Premier League,2011,36,2011-04-30,Kochi,Nehru Stadium,Kochi Tuskers Kerala,Delhi Daredevils,Delhi Daredevils,bat,Delhi Daredevils
Indian Premier League,2011,37,2011-04-30,Kolkata,Eden Gardens,Kolkata Knight Riders,Kings XI Punjab,Kolkata Knight Riders,field,Kolkata Knight Riders
Indian Premier League,2011,38,2011-05-01,Jaipur,Sawai Mansingh Stadium,Rajasthan Royals,Pune Warriors,Rajasthan Royals,field,Rajasthan Royals
Indian Premier League,2011,39,2011-05-01,Chennai,"MA Chidambaram Stadium, Chepauk",Chennai Super Kings,Deccan Chargers,Chennai Super Kings,bat,Chennai Super Kings
Indian Premier League,2011,40,2011-05-02,Mumbai,Wankhede Stadium,Mumbai Indians,Kings XI Punjab,Kings XI Punjab,field,Mumbai Indians
Indian Premier League,2011,41,2011-05-02,Delhi,Feroz Shah Kotla,Delhi Daredevils,Kochi Tuskers Kerala,Kochi Tuskers Kerala,field,Kochi Tuskers Kerala
Indian Premier League,2011,42,2011-05-03,Hyderabad,"Rajiv Gandhi International Stadium, Uppal",Deccan Chargers,Kolkata Knight Riders,Deccan Chargers,field,Kolkata Knight Riders
Indian Premier League,2011,43,2011-05-04,Chennai,"MA Chidambaram Stadium, Chepauk",Chennai Super Kings,Rajasthan Royals,Rajasthan Royals,bat,Chennai Super Kings
Indian Premier League,2011,44,2011-05-04,Mumbai,Dr DY Patil Sports Academy,Pune Warriors,Mumbai Indians,Pune Warriors,field,Mumbai Indians
Indian Premier League,2011,45,2011-05-05,Kochi,Nehru Stadium,Kochi Tuskers Kerala,Kolkata Knight Riders,Kolkata Knight Riders,field,Kochi Tuskers Kerala
Indian Premier League,2011,46,2011-05-05,Hyderabad,"Rajiv Gandhi International Stadium, Uppal",Deccan Chargers,Delhi Daredevils,Delhi Daredevils,field,Delhi Daredevils
Indian Premier League,2011,47,2011-05-06,Bangalore,M Chinnaswamy Stadium,Royal Challengers Bangalore,Kings XI Punjab,Kings XI Punjab,field,Royal Challengers Bangalore
Indian Premier League,2011,48,2011-05-07,Kolkata,Eden Gardens,Kolkata Knight Riders,Chennai Super Kings,Chennai Super Kings,bat,Kolkata Knight Riders
Indian Premier League,2011,49,2011-05-07,Mumbai,Wankhede Stadium,Mumbai Indians,Delhi Daredevils,Delhi Daredevils,field,Mumbai Indians
Indian Premier League,2011,50,2011-05-08,Bangalore,M Chinnaswamy Stadium,Royal Challengers Bangalore,Kochi Tuskers Kerala,Kochi Tuskers Kerala,bat,Royal Challengers Bangalore
Indian Premier League,2011,51,2011-05-08,Chandigarh,"Punjab Cricket Association Stadium, Mohali",Kings XI Punjab,Pune Warriors,Kings XI Punjab,bat,Pune Warriors
Indian Premier League,2011,52,2011-05-09,Jaipur,Sawai Mansingh Stadium,Rajasthan Royals,Chennai Super Kings,Rajasthan Royals,field,Chennai Super Kings
Indian Premier League,2011,53,2011-05-10,Hyderabad,"Rajiv Gandhi International Stadium, Uppal",Deccan Chargers,Pune Warriors,Deccan Chargers,bat,Pune Warriors
Indian Premier League,2011,54,2011-05-10,Chandigarh,"Punjab Cricket Association Stadium, Mohali",Kings XI Punjab,Mumbai Indians,Mumbai Indians,field,Kings XI Punjab
Indian Premier League,2011,55,2011-05-11,Jaipur,Sawai Mansingh Stadium,Rajasthan Royals,Royal Challengers Bangalore,Royal Challengers Bangalore,field,Royal Challengers Bangalore
Indian Premier League,2011,56,2011-05-12,Chennai,"MA Chidambaram Stadium, Chepauk",Chennai Super Kings,Delhi Daredevils,Chennai Super Kings,bat,Chennai Super Kings
Indian Premier League,2011,57,2011-05-13,Indore,Holkar Cricket Stadium,Kochi Tuskers Kerala,Kings XI Punjab,Kings XI Punjab,field,Kings XI Punjab
Indian Premier League,2011,58,2011-05-14,Bangalore,M Chinnaswamy Stadium,Royal Challengers Bangalore,Kolkata Knight Riders,Royal Challengers Bangalore,field,Royal Challengers Bangalore
Indian Premier League,2011,59,2011-05-14,Mumbai,Wankhede Stadium,Mumbai Indians,Deccan Chargers,Deccan Chargers,bat,Deccan Chargers
Indian Premier League,2011,60,2011-05-15,Dharamsala,Himachal Pradesh Cricket Association Stadium,Kings XI Punjab,Delhi Daredevils,Delhi Daredevils,field,Kings XI Punjab
Indian Premier League,2011,61,2011-05-15,Indore,Holkar Cricket Stadium,Kochi Tuskers Kerala,Rajasthan Royals,Kochi Tuskers Kerala,field,Kochi Tuskers Kerala
Indian Premier League,2011,62,2011-05-16,Mumbai,Dr DY Patil Sports Academy,Pune Warriors,Deccan Chargers,Deccan Chargers,field,Deccan Chargers
Indian Premier League,2011,63,2011-05-17,Dharamsala,Himachal Pradesh Cricket Association Stadium,Kings XI Punjab,Royal Challengers Bangalore,Kings XI Punjab,bat,Kings XI Punjab
Indian Premier League,2011,64,2011-05-18,Chennai,"MA Chidambaram Stadium, Chepauk",Chennai Super Kings,Kochi Tuskers Kerala,Chennai Super Kings,bat,Chennai Super Kings
Indian Premier League,2011,65,2011-05-19,Mumbai,Dr DY Patil Sports Academy,Pune Warriors,Kolkata Knight Riders,Kolkata Knight Riders,field,Kolkata Knight Riders
Indian Premier League,2011,66,2011-05-20,Mumbai,Wankhede Stadium,Mumbai Indians,Rajasthan Royals,Mumbai Indians,bat,Rajasthan Royals
Indian Premier League,2011,67,2011-05-21,Dharamsala,Himachal Pradesh Cricket Association Stadium,Kings XI Punjab,Deccan Chargers,Kings XI Punjab,field,Deccan Chargers
Indian Premier League,2011,68,2011-05-21,Delhi,Feroz Shah Kotla,Delhi Daredevils,Pune Warriors,Delhi Daredevils,bat,None
Indian Premier League,2011,69,2011-05-22,Bangalore,M Chinnaswamy Stadium,Royal Challengers Bangalore,Chennai Super Kings,Royal Challengers Bangalore,field,Royal Challengers Bangalore
Indian Premier League,2011,70,2011-05-22,Kolkata,Eden Gardens,Kolkata Knight Riders,Mumbai Indians,Mumbai Indians,field,Mumbai Indians
Indian Premier League,2011,N/A,2011-05-24,Mumbai,Wankhede Stadium,Royal Challengers Bangalore,Chennai Super Kings,Chennai Super Kings,field,Chennai Super Kings
Indian Premier League,2011,N/A,2011-05-25,Mumbai,Wankhede Stadium,Mumbai Indians,Kolkata Knight Riders,Mumbai Indians,field,Mumbai Indians
Indian Premier League,2011,N/A,2011-05-27,Chennai,"MA Chidambaram Stadium, Chepauk",Royal Challengers Bangalore,Mumbai Indians,Mumbai Indians,field,Royal Challengers Bangalore
Indian Premier League,2011,N/A,2011-05-28,Chennai,"MA Chidambaram Stadium, Chepauk",Chennai Super Kings,Royal Challengers Bangalore,Chennai Super Kings,bat,Chennai Super Kings
Indian Premier League,2012,1,2012-04-04,Chennai,"MA Chidambaram Stadium, Chepauk",Chennai Super Kings,Mumbai Indians,Mumbai Indians,field,Mumbai Indians
Indian Premier League,2012,2,2012-04-05,Kolkata,Eden Gardens,Kolkata Knight Riders,Delhi Daredevils,Delhi Daredevils,field,Delhi Daredevils
Indian Premier League,2012,3,2012-04-06,Mumbai,Wankhede Stadium,Mumbai Indians,Pune Warriors,Mumbai Indians,field,Pune Warriors
Indian Premier League,2012,4,2012-04-06,Jaipur,Sawai Mansingh Stadium,Rajasthan Royals,Kings XI Punjab,Kings XI Punjab,field,Rajasthan Royals
Indian Premier League,2012,5,2012-04-07,Bangalore,M Chinnaswamy Stadium,Royal Challengers Bangalore,Delhi Daredevils,Delhi Daredevils,field,Royal Challengers Bangalore
Indian Premier League,2012,6,2012-04-07,Visakhapatnam,Dr. Y.S. Rajasekhara Reddy ACA-VDCA Cricket Stadium,Deccan Chargers,Chennai Super Kings,Deccan Chargers,field,Chennai Super Kings
Indian Premier League,2012,7,2012-04-08,Jaipur,Sawai Mansingh Stadium,Rajasthan Royals,Kolkata Knight Riders,Kolkata Knight Riders,field,Rajasthan Royals
Indian Premier League,2012,8,2012-04-08,Pune,Subrata Roy Sahara Stadium,Pune Warriors,Kings XI Punjab,Pune Warriors,bat,Pune Warriors
Indian Premier League,2012,9,2012-04-09,Visakhapatnam,Dr. Y.S. Rajasekhara Reddy ACA-VDCA Cricket Stadium,Deccan Chargers,Mumbai Indians,Deccan Chargers,bat,Mumbai Indians
Indian Premier League,2012,10,2012-04-10,Bangalore,M Chinnaswamy Stadium,Royal Challengers Bangalore,Kolkata Knight Riders,Royal Challengers Bangalore,field,Kolkata Knight Riders
Indian Premier League,2012,11,2012-04-10,Delhi,Feroz Shah Kotla,Delhi Daredevils,Chennai Super Kings,Delhi Daredevils,field,Delhi Daredevils
Indian Premier League,2012,12,2012-04-11,Mumbai,Wankhede Stadium,Mumbai Indians,Rajasthan Royals,Rajasthan Royals,field,Mumbai Indians
Indian Premier League,2012,13,2012-04-12,Chennai,"MA Chidambaram Stadium, Chepauk",Chennai Super Kings,Royal Challengers Bangalore,Royal Challengers Bangalore,bat,Chennai Super Kings
Indian Premier League,2012,14,2012-04-12,Chandigarh,"Punjab Cricket Association Stadium, Mohali",Kings XI Punjab,Pune Warriors,Kings XI Punjab,field,Kings XI Punjab
Indian Premier League,2012,15,2012-04-13,Kolkata,Eden Gardens,Kolkata Knight Riders,Rajasthan Royals,Rajasthan Royals,bat,Kolkata Knight Riders
Indian Premier League,2012,16,2012-04-14,Pune,Subrata Roy Sahara Stadium,Pune Warriors,Chennai Super Kings,Chennai Super Kings,bat,Pune Warriors
Indian Premier League,2012,17,2012-04-15,Kolkata,Eden Gardens,Kolkata Knight Riders,Kings XI Punjab,Kolkata Knight Riders,field,Kings XI Punjab
Indian Premier League,2012,18,2012-04-15,Bangalore,M Chinnaswamy Stadium,Royal Challengers Bangalore,Rajasthan Royals,Rajasthan Royals,bat,Rajasthan Royals
Indian Premier League,2012,19,2012-04-16,Mumbai,Wankhede Stadium,Mumbai Indians,Delhi Daredevils,Delhi Daredevils,field,Delhi Daredevils
Indian Premier League,2012,20,2012-04-17,Jaipur,Sawai Mansingh Stadium,Rajasthan Royals,Deccan Chargers,Deccan Chargers,bat,Rajasthan Royals
Indian Premier League,2012,21,2012-04-17,Bangalore,M Chinnaswamy Stadium,Royal Challengers Bangalore,Pune Warriors,Pune Warriors,bat,Royal Challengers Bangalore
Indian Premier League,2012,22,2012-04-18,Chandigarh,"Punjab Cricket Association Stadium, Mohali",Kings XI Punjab,Kolkata Knight Riders,Kings XI Punjab,bat,Kolkata Knight Riders
Indian Premier League,2012,23,2012-04-19,Delhi,Feroz Shah Kotla,Delhi Daredevils,Deccan Chargers,Deccan Chargers,bat,Delhi Daredevils
Indian Premier League,2012,24,2012-04-19,Chennai,"MA Chidambaram Stadium, Chepauk",Chennai Super Kings,Pune Warriors,Pune Warriors,field,Chennai Super Kings
Indian Premier League,2012,25,2012-04-20,Chandigarh,"Punjab Cricket Association Stadium, Mohali",Kings XI Punjab,Royal Challengers Bangalore,Royal Challengers Bangalore,field,Royal Challengers Bangalore
Indian Premier League,2012,26,2012-04-21,Chennai,"MA Chidambaram Stadium, Chepauk",Chennai Super Kings,Rajasthan Royals,Rajasthan Royals,bat,Chennai Super Kings
Indian Premier League,2012,27,2012-04-21,Delhi,Feroz Shah Kotla,Delhi Daredevils,Pune Warriors,Delhi Daredevils,field,Pune Warriors
Indian Premier League,2012,28,2012-04-22,Mumbai,Wankhede Stadium,Mumbai Indians,Kings XI Punjab,Mumbai Indians,bat,Kings XI Punjab
Indian Premier League,2012,29,2012-04-22,Cuttack,Barabati Stadium,Deccan Chargers,Kolkata Knight Riders,Kolkata Knight Riders,field,Kolkata Knight Riders
Indian Premier League,2012,30,2012-04-23,Jaipur,Sawai Mansingh Stadium,Rajasthan Royals,Royal Challengers Bangalore,Rajasthan Royals,field,Royal Challengers Bangalore
Indian Premier League,2012,31,2012-04-24,Pune,Subrata Roy Sahara Stadium,Pune Warriors,Delhi Daredevils,Pune Warriors,bat,Delhi Daredevils
Indian Premier League,2012,33,2012-04-25,Chandigarh,"Punjab Cricket Association Stadium, Mohali",Kings XI Punjab,Mumbai Indians,Kings XI Punjab,bat,Mumbai Indians
Indian Premier League,2012,35,2012-04-26,Pune,Subrata Roy Sahara Stadium,Pune Warriors,Deccan Chargers,Deccan Chargers,bat,Deccan Chargers
Indian Premier League,2012,36,2012-04-27,Delhi,Feroz Shah Kotla,Delhi Daredevils,Mumbai Indians,Mumbai Indians,field,Delhi Daredevils
Indian Premier League,2012,37,2012-04-28,Chennai,"MA Chidambaram Stadium, Chepauk",Chennai Super Kings,Kings XI Punjab,Kings XI Punjab,bat,Kings XI Punjab
Indian Premier League,2012,38,2012-04-28,Kolkata,Eden Gardens,Kolkata Knight Riders,Royal Challengers Bangalore,Kolkata Knight Riders,bat,Kolkata Knight Riders
Indian Premier League,2012,39,2012-04-29,Delhi,Feroz Shah Kotla,Delhi Daredevils,Rajasthan Royals,Delhi Daredevils,bat,Delhi Daredevils
Indian Premier League,2012,40,2012-04-29,Mumbai,Wankhede Stadium,Mumbai Indians,Deccan Chargers,Mumbai Indians,field,Mumbai Indians
Indian Premier League,2012,41,2012-04-30,Chennai,"MA Chidambaram Stadium, Chepauk",Chennai Super Kings,Kolkata Knight Riders,Chennai Super Kings,bat,Kolkata Knight Riders
Indian Premier League,2012,42,2012-05-01,Cuttack,Barabati Stadium,Deccan Chargers,Pune Warriors,Deccan Chargers,bat,Deccan Chargers
Indian Premier League,2012,43,2012-05-01,Jaipur,Sawai Mansingh Stadium,Rajasthan Royals,Delhi Daredevils,Rajasthan Royals,bat,Delhi Daredevils
Indian Premier League,2012,44,2012-05-02,Bangalore,M Chinnaswamy Stadium,Royal Challengers Bangalore,Kings XI Punjab,Kings XI Punjab,field,Kings XI Punjab
Indian Premier League,2012,45,2012-05-03,Pune,Subrata Roy Sahara Stadium,Pune Warriors,Mumbai Indians,Mumbai Indians,bat,Mumbai Indians
Indian Premier League,2012,46,2012-05-04,Chennai,"MA Chidambaram Stadium, Chepauk",Chennai Super Kings,Deccan Chargers,Chennai Super Kings,bat,Chennai Super Kings
Indian Premier League,2012,47,2012-05-05,Kolkata,Eden Gardens,Kolkata Knight Riders,Pune Warriors,Kolkata Knight Riders,bat,Kolkata Knight Riders
Indian Premier League,2012,48,2012-05-05,Chandigarh,"Punjab Cricket Association Stadium, Mohali",Kings XI Punjab,Rajasthan Royals,Rajasthan Royals,bat,Rajasthan Royals
Indian Premier League,2012,49,2012-05-06,Mumbai,Wankhede Stadium,Mumbai Indians,Chennai Super Kings,Mumbai Indians,field,Mumbai Indians
Indian Premier League,2012,50,2012-05-06,Bangalore,M Chinnaswamy Stadium,Royal Challengers Bangalore,Deccan Chargers,Royal Challengers Bangalore,field,Royal Challengers Bangalore
Indian Premier League,2012,51,2012-05-07,Delhi,Feroz Shah Kotla,Delhi Daredevils,Kolkata Knight Riders,Delhi Daredevils,bat,Kolkata Knight Riders
Indian Premier League,2012,52,2012-05-08,Pune,Subrata Roy Sahara Stadium,Pune Warriors,Rajasthan Royals,Pune Warriors,bat,Rajasthan Royals
Indian Premier League,2012,53,2012-05-08,Hyderabad,"Rajiv Gandhi International Stadium, Uppal",Deccan Chargers,Kings XI Punjab,Deccan Chargers,field,Kings XI Punjab
Indian Premier League,2012,54,2012-05-09,Mumbai,Wankhede Stadium,Mumbai Indians,Royal Challengers Bangalore,Royal Challengers Bangalore,field,Royal Challengers Bangalore
Indian Premier League,2012,55,2012-05-10,Hyderabad,"Rajiv Gandhi International Stadium, Uppal",Deccan Chargers,Delhi Daredevils,Deccan Chargers,bat,Delhi Daredevils
Indian Premier League,2012,56,2012-05-10,Jaipur,Sawai Mansingh Stadium,Rajasthan Royals,Chennai Super Kings,Chennai Super Kings,field,Chennai Super Kings
Indian Premier League,2012,57,2012-05-11,Pune,Subrata Roy Sahara Stadium,Pune Warriors,Royal Challengers Bangalore,Pune Warriors,field,Royal Challengers Bangalore
Indian Premier League,2012,58,2012-05-12,Kolkata,Eden Gardens,Kolkata Knight Riders,Mumbai Indians,Mumbai Indians,bat,Mumbai Indians
Indian Premier League,2012,59,2012-05-12,Chennai,"MA Chidambaram Stadium, Chepauk",Chennai Super Kings,Delhi Daredevils,Chennai Super Kings,field,Chennai Super Kings
Indian Premier League,2012,60,2012-05-13,Jaipur,Sawai Mansingh Stadium,Rajasthan Royals,Pune Warriors,Rajasthan Royals,bat,Rajasthan Royals
Indian Premier League,2012,61,2012-05-13,Chandigarh,"Punjab Cricket Association Stadium, Mohali",Kings XI Punjab,Deccan Chargers,Deccan Chargers,bat,Kings XI Punjab
Indian Premier League,2012,62,2012-05-14,Bangalore,M Chinnaswamy Stadium,Royal Challengers Bangalore,Mumbai Indians,Mumbai Indians,field,Mumbai Indians
Indian Premier League,2012,63,2012-05-14,Kolkata,Eden Gardens,Kolkata Knight Riders,Chennai Super Kings,Chennai Super Kings,field,Chennai Super Kings
Indian Premier League,2012,64,2012-05-15,Delhi,Feroz Shah Kotla,Delhi Daredevils,Kings XI Punjab,Kings XI Punjab,bat,Delhi Daredevils
Indian Premier League,2012,65,2012-05-16,Mumbai,Wankhede Stadium,Mumbai Indians,Kolkata Knight Riders,Mumbai Indians,field,Kolkata Knight Riders
Indian Premier League,2012,66,2012-05-17,Dharamsala,Himachal Pradesh Cricket Association Stadium,Kings XI Punjab,Chennai Super Kings,Kings XI Punjab,field,Kings XI Punjab
Indian Premier League,2012,67,2012-05-17,Delhi,Feroz Shah Kotla,Delhi Daredevils,Royal Challengers Bangalore,Delhi Daredevils,field,Royal Challengers Bangalore
Indian Premier League,2012,68,2012-05-18,Hyderabad,"Rajiv Gandhi International Stadium, Uppal",Deccan Chargers,Rajasthan Royals,Rajasthan Royals,bat,Deccan Chargers
Indian Premier League,2012,69,2012-05-19,Dharamsala,Himachal Pradesh Cricket Association Stadium,Kings XI Punjab,Delhi Daredevils,Delhi Daredevils,field,Delhi Daredevils
Indian Premier League,2012,70,2012-05-19,Pune,Subrata Roy Sahara Stadium,Pune Warriors,Kolkata Knight Riders,Kolkata Knight Riders,bat,Kolkata Knight Riders
Indian Premier League,2012,71,2012-05-20,Hyderabad,"Rajiv Gandhi International Stadium, Uppal",Deccan Chargers,Royal Challengers Bangalore,Royal Challengers Bangalore,field,Deccan Chargers
Indian Premier League,2012,72,2012-05-20,Jaipur,Sawai Mansingh Stadium,Rajasthan Royals,Mumbai Indians,Rajasthan Royals,bat,Mumbai Indians
Indian Premier League,2012,N/A,2012-05-22,Pune,Subrata Roy Sahara Stadium,Delhi Daredevils,Kolkata Knight Riders,Kolkata Knight Riders,bat,Kolkata Knight Riders
Indian Premier League,2012,N/A,2012-05-23,Bangalore,M Chinnaswamy Stadium,Chennai Super Kings,Mumbai Indians,Mumbai Indians,field,Chennai Super Kings
Indian Premier League,2012,N/A,2012-05-25,Chennai,"MA Chidambaram Stadium, Chepauk",Delhi Daredevils,Chennai Super Kings,Delhi Daredevils,field,Chennai Super Kings
Indian Premier League,2012,N/A,2012-05-27,Chennai,"MA Chidambaram Stadium, Chepauk",Kolkata Knight Riders,Chennai Super Kings,Chennai Super Kings,bat,Kolkata Knight Riders
Indian Premier League,2013,1,2013-04-03,Kolkata,Eden Gardens,Kolkata Knight Riders,Delhi Daredevils,Kolkata Knight Riders,field,Kolkata Knight Riders
Indian Premier League,2013,2,2013-04-04,Bangalore,M Chinnaswamy Stadium,Royal Challengers Bangalore,Mumbai Indians,Mumbai Indians,field,Royal Challengers Bangalore
Indian Premier League,2013,3,2013-04-05,Hyderabad,"Rajiv Gandhi International Stadium, Uppal",Sunrisers Hyderabad,Pune Warriors,Pune Warriors,field,Sunrisers Hyderabad
Indian Premier League,2013,4,2013-04-06,Delhi,Feroz Shah Kotla,Delhi Daredevils,Rajasthan Royals,Rajasthan Royals,bat,Rajasthan Royals
Indian Premier League,2013,5,2013-04-06,Chennai,"MA Chidambaram Stadium, Chepauk",Chennai Super Kings,Mumbai Indians,Mumbai Indians,bat,Mumbai Indians
Indian Premier League,2013,6,2013-04-07,Pune,Subrata Roy Sahara Stadium,Pune Warriors,Kings XI Punjab,Pune Warriors,bat,Kings XI Punjab
Indian Premier League,2013,7,2013-04-07,Hyderabad,"Rajiv Gandhi International Stadium, Uppal",Sunrisers Hyderabad,Royal Challengers Bangalore,Royal Challengers Bangalore,bat,None
Indian Premier League,2013,8,2013-04-08,Jaipur,Sawai Mansingh Stadium,Rajasthan Royals,Kolkata Knight Riders,Kolkata Knight Riders,field,Rajasthan Royals
Indian Premier League,2013,9,2013-04-09,Bangalore,M Chinnaswamy Stadium,Royal Challengers Bangalore,Sunrisers Hyderabad,Sunrisers Hyderabad,bat,Royal Challengers Bangalore
Indian Premier League,2013,10,2013-04-09,Mumbai,Wankhede Stadium,Mumbai Indians,Delhi Daredevils,Mumbai Indians,bat,Mumbai Indians
Indian Premier League,2013,11,2013-04-10,Chandigarh,"Punjab Cricket Association Stadium, Mohali",Kings XI Punjab,Chennai Super Kings,Chennai Super Kings,field,Chennai Super Kings
Indian Premier League,2013,12,2013-04-11,Bangalore,M Chinnaswamy Stadium,Royal Challengers Bangalore,Kolkata Knight Riders,Royal Challengers Bangalore,field,Royal Challengers Bangalore
Indian Premier League,2013,13,2013-04-11,Pune,Subrata Roy Sahara Stadium,Pune Warriors,Rajasthan Royals,Rajasthan Royals,bat,Pune Warriors
Indian Premier League,2013,14,2013-04-12,Delhi,Feroz Shah Kotla,Delhi Daredevils,Sunrisers Hyderabad,Delhi Daredevils,bat,Sunrisers Hyderabad
Indian Premier League,2013,15,2013-04-13,Mumbai,Wankhede Stadium,Mumbai Indians,Pune Warriors,Mumbai Indians,bat,Mumbai Indians
Indian Premier League,2013,16,2013-04-13,Chennai,"MA Chidambaram Stadium, Chepauk",Chennai Super Kings,Royal Challengers Bangalore,Chennai Super Kings,field,Chennai Super Kings
Indian Premier League,2013,17,2013-04-14,Kolkata,Eden Gardens,Kolkata Knight Riders,Sunrisers Hyderabad,Kolkata Knight Riders,bat,Kolkata Knight Riders
Indian Premier League,2013,18,2013-04-14,Jaipur,Sawai Mansingh Stadium,Rajasthan Royals,Kings XI Punjab,Rajasthan Royals,field,Rajasthan Royals
Indian Premier League,2013,19,2013-04-15,Chennai,"MA Chidambaram Stadium, Chepauk",Chennai Super Kings,Pune Warriors,Pune Warriors,bat,Pune Warriors
Indian Premier League,2013,20,2013-04-16,Chandigarh,"Punjab Cricket Association Stadium, Mohali",Kings XI Punjab,Kolkata Knight Riders,Kolkata Knight Riders,field,Kings XI Punjab
Indian Premier League,2013,21,2013-04-16,Bangalore,M Chinnaswamy Stadium,Royal Challengers Bangalore,Delhi Daredevils,Royal Challengers Bangalore,field,None
Indian Premier League,2013,22,2013-04-17,Pune,Maharashtra Cricket Association Stadium,Pune Warriors,Sunrisers Hyderabad,Pune Warriors,field,Sunrisers Hyderabad
Indian Premier League,2013,23,2013-04-17,Jaipur,Sawai Mansingh Stadium,Rajasthan Royals,Mumbai Indians,Rajasthan Royals,bat,Rajasthan Royals
Indian Premier League,2013,24,2013-04-18,Delhi,Feroz Shah Kotla,Delhi Daredevils,Chennai Super Kings,Chennai Super Kings,bat,Chennai Super Kings
Indian Premier League,2013,25,2013-04-19,Hyderabad,"Rajiv Gandhi International Stadium, Uppal",Sunrisers Hyderabad,Kings XI Punjab,Kings XI Punjab,bat,Sunrisers Hyderabad
Indian Premier League,2013,26,2013-04-20,Kolkata,Eden Gardens,Kolkata Knight Riders,Chennai Super Kings,Kolkata Knight Riders,bat,Chennai Super Kings
Indian Premier League,2013,27,2013-04-20,Bangalore,M Chinnaswamy Stadium,Royal Challengers Bangalore,Rajasthan Royals,Royal Challengers Bangalore,field,Royal Challengers Bangalore
Indian Premier League,2013,28,2013-04-21,Delhi,Feroz Shah Kotla,Delhi Daredevils,Mumbai Indians,Mumbai Indians,bat,Delhi Daredevils
Indian Premier League,2013,29,2013-04-21,Chandigarh,"Punjab Cricket Association Stadium, Mohali",Kings XI Punjab,Pune Warriors,Kings XI Punjab,field,Kings XI Punjab
Indian Premier League,2013,30,2013-04-22,Chennai,"MA Chidambaram Stadium, Chepauk",Chennai Super Kings,Rajasthan Royals,Rajasthan Royals,bat,Chennai Super Kings
Indian Premier League,2013,31,2013-04-23,Bangalore,M Chinnaswamy Stadium,Royal Challengers Bangalore,Pune Warriors,Pune Warriors,field,Royal Challengers Bangalore
Indian Premier League,2013,32,2013-04-23,Delhi,Feroz Shah Kotla,Delhi Daredevils,Kings XI Punjab,Kings XI Punjab,field,Kings XI Punjab
Indian Premier League,2013,33,2013-04-24,Kolkata,Eden Gardens,Kolkata Knight Riders,Mumbai Indians,Kolkata Knight Riders,bat,Mumbai Indians
Indian Premier League,2013,34,2013-04-25,Chennai,"MA Chidambaram Stadium, Chepauk",Chennai Super Kings,Sunrisers Hyderabad,Sunrisers Hyderabad,bat,Chennai Super Kings
Indian Premier League,2013,35,2013-04-26,Kolkata,Eden Gardens,Kolkata Knight Riders,Kings XI Punjab,Kings XI Punjab,bat,Kolkata Knight Riders
Indian Premier League,2013,36,2013-04-27,Jaipur,Sawai Mansingh Stadium,Rajasthan Royals,Sunrisers Hyderabad,Sunrisers Hyderabad,bat,Rajasthan Royals
Indian Premier League,2013,37,2013-04-27,Mumbai,Wankhede Stadium,Mumbai Indians,Royal Challengers Bangalore,Mumbai Indians,bat,Mumbai Indians
Indian Premier League,2013,38,2013-04-28,Chennai,"MA Chidambaram Stadium, Chepauk",Chennai Super Kings,Kolkata Knight Riders,Kolkata Knight Riders,field,Chennai Super Kings
Indian Premier League,2013,39,2013-04-28,Raipur,Shaheed Veer Narayan Singh International Stadium,Delhi Daredevils,Pune Warriors,Pune Warriors,field,Delhi Daredevils
Indian Premier League,2013,40,2013-04-29,Jaipur,Sawai Mansingh Stadium,Rajasthan Royals,Royal Challengers Bangalore,Rajasthan Royals,field,Rajasthan Royals
Indian Premier League,2013,41,2013-04-29,Mumbai,Wankhede Stadium,Mumbai Indians,Kings XI Punjab,Mumbai Indians,bat,Mumbai Indians
Indian Premier League,2013,42,2013-04-30,Pune,Subrata Roy Sahara Stadium,Pune Warriors,Chennai Super Kings,Chennai Super Kings,bat,Chennai Super Kings
Indian Premier League,2013,43,2013-05-01,Hyderabad,"Rajiv Gandhi International Stadium, Uppal",Sunrisers Hyderabad,Mumbai Indians,Mumbai Indians,bat,Sunrisers Hyderabad
Indian Premier League,2013,44,2013-05-01,Raipur,Shaheed Veer Narayan Singh International Stadium,Delhi Daredevils,Kolkata Knight Riders,Kolkata Knight Riders,bat,Delhi Daredevils
Indian Premier League,2013,45,2013-05-02,Chennai,"MA Chidambaram Stadium, Chepauk",Chennai Super Kings,Kings XI Punjab,Chennai Super Kings,bat,Chennai Super Kings
Indian Premier League,2013,46,2013-05-02,Pune,Subrata Roy Sahara Stadium,Pune Warriors,Royal Challengers Bangalore,Royal Challengers Bangalore,bat,Royal Challengers Bangalore
Indian Premier League,2013,47,2013-05-03,Kolkata,Eden Gardens,Kolkata Knight Riders,Rajasthan Royals,Rajasthan Royals,bat,Kolkata Knight Riders
Indian Premier League,2013,48,2013-05-04,Hyderabad,"Rajiv Gandhi International Stadium, Uppal",Sunrisers Hyderabad,Delhi Daredevils,Delhi Daredevils,bat,Sunrisers Hyderabad
Indian Premier League,2013,49,2013-05-05,Mumbai,Wankhede Stadium,Mumbai Indians,Chennai Super Kings,Mumbai Indians,bat,Mumbai Indians
Indian Premier League,2013,50,2013-05-05,Jaipur,Sawai Mansingh Stadium,Rajasthan Royals,Pune Warriors,Pune Warriors,bat,Rajasthan Royals
Indian Premier League,2013,51,2013-05-06,Chandigarh,"Punjab Cricket Association Stadium, Mohali",Kings XI Punjab,Royal Challengers Bangalore,Kings XI Punjab,field,Kings XI Punjab
Indian Premier League,2013,52,2013-05-07,Jaipur,Sawai Mansingh Stadium,Rajasthan Royals,Delhi Daredevils,Delhi Daredevils,bat,Rajasthan Royals
Indian Premier League,2013,53,2013-05-07,Mumbai,Wankhede Stadium,Mumbai Indians,Kolkata Knight Riders,Mumbai Indians,bat,Mumbai Indians
Indian Premier League,2013,54,2013-05-08,Hyderabad,"Rajiv Gandhi International Stadium, Uppal",Sunrisers Hyderabad,Chennai Super Kings,Sunrisers Hyderabad,field,Chennai Super Kings
Indian Premier League,2013,55,2013-05-09,Chandigarh,"Punjab Cricket Association Stadium, Mohali",Kings XI Punjab,Rajasthan Royals,Rajasthan Royals,field,Rajasthan Royals
Indian Premier League,2013,56,2013-05-09,Pune,Subrata Roy Sahara Stadium,Pune Warriors,Kolkata Knight Riders,Kolkata Knight Riders,bat,Kolkata Knight Riders
Indian Premier League,2013,57,2013-05-10,Delhi,Feroz Shah Kotla,Delhi Daredevils,Royal Challengers Bangalore,Delhi Daredevils,field,Royal Challengers Bangalore
Indian Premier League,2013,58,2013-05-11,Pune,Subrata Roy Sahara Stadium,Pune Warriors,Mumbai Indians,Pune Warriors,bat,Mumbai Indians
Indian Premier League,2013,59,2013-05-11,Chandigarh,"Punjab Cricket Association Stadium, Mohali",Kings XI Punjab,Sunrisers Hyderabad,Kings XI Punjab,field,Sunrisers Hyderabad
Indian Premier League,2013,60,2013-05-12,Ranchi,JSCA International Stadium Complex,Kolkata Knight Riders,Royal Challengers Bangalore,Kolkata Knight Riders,field,Kolkata Knight Riders
Indian Premier League,2013,61,2013-05-12,Jaipur,Sawai Mansingh Stadium,Rajasthan Royals,Chennai Super Kings,Rajasthan Royals,field,Rajasthan Royals
Indian Premier League,2013,62,2013-05-13,Mumbai,Wankhede Stadium,Mumbai Indians,Sunrisers Hyderabad,Sunrisers Hyderabad,bat,Mumbai Indians
Indian Premier League,2013,63,2013-05-14,Bangalore,M Chinnaswamy Stadium,Royal Challengers Bangalore,Kings XI Punjab,Kings XI Punjab,field,Kings XI Punjab
Indian Premier League,2013,64,2013-05-14,Chennai,"MA Chidambaram Stadium, Chepauk",Chennai Super Kings,Delhi Daredevils,Chennai Super Kings,bat,Chennai Super Kings
Indian Premier League,2013,65,2013-05-15,Ranchi,JSCA International Stadium Complex,Kolkata Knight Riders,Pune Warriors,Kolkata Knight Riders,field,Pune Warriors
Indian Premier League,2013,66,2013-05-15,Mumbai,Wankhede Stadium,Mumbai Indians,Rajasthan Royals,Rajasthan Royals,field,Mumbai Indians
Indian Premier League,2013,67,2013-05-16,Dharamsala,Himachal Pradesh Cricket Association Stadium,Kings XI Punjab,Delhi Daredevils,Delhi Daredevils,field,Kings XI Punjab
Indian Premier League,2013,68,2013-05-17,Hyderabad,"Rajiv Gandhi International Stadium, Uppal",Sunrisers Hyderabad,Rajasthan Royals,Sunrisers Hyderabad,bat,Sunrisers Hyderabad
Indian Premier League,2013,69,2013-05-18,Dharamsala,Himachal Pradesh Cricket Association Stadium,Kings XI Punjab,Mumbai Indians,Mumbai Indians,field,Kings XI Punjab
Indian Premier League,2013,70,2013-05-18,Bangalore,M Chinnaswamy Stadium,Royal Challengers Bangalore,Chennai Super Kings,Chennai Super Kings,field,Royal Challengers Bangalore
Indian Premier League,2013,71,2013-05-19,Pune,Subrata Roy Sahara Stadium,Pune Warriors,Delhi Daredevils,Pune Warriors,bat,Pune Warriors
Indian Premier League,2013,72,2013-05-19,Hyderabad,"Rajiv Gandhi International Stadium, Uppal",Sunrisers Hyderabad,Kolkata Knight Riders,Kolkata Knight Riders,bat,Sunrisers Hyderabad
Indian Premier League,2013,N/A,2013-05-21,Delhi,Feroz Shah Kotla,Chennai Super Kings,Mumbai Indians,Chennai Super Kings,bat,Chennai Super Kings
Indian Premier League,2013,N/A,2013-05-22,Delhi,Feroz Shah Kotla,Rajasthan Royals,Sunrisers Hyderabad,Sunrisers Hyderabad,bat,Rajasthan Royals
Indian Premier League,2013,N/A,2013-05-24,Kolkata,Eden Gardens,Mumbai Indians,Rajasthan Royals,Rajasthan Royals,bat,Mumbai Indians
Indian Premier League,2013,N/A,2013-05-26,Kolkata,Eden Gardens,Chennai Super Kings,Mumbai Indians,Mumbai Indians,bat,Mumbai Indians
Indian Premier League,2014,1,2014-04-16,Abu Dhabi,Sheikh Zayed Stadium,Mumbai Indians,Kolkata Knight Riders,Kolkata Knight Riders,bat,Kolkata Knight Riders
Indian Premier League,2014,2,2014-04-17,Unknown,Sharjah Cricket Stadium,Delhi Daredevils,Royal Challengers Bangalore,Royal Challengers Bangalore,field,Royal Challengers Bangalore
Indian Premier League,2014,3,2014-04-18,Abu Dhabi,Sheikh Zayed Stadium,Chennai Super Kings,Kings XI Punjab,Chennai Super Kings,bat,Kings XI Punjab
Indian Premier League,2014,4,2014-04-18,Abu Dhabi,Sheikh Zayed Stadium,Sunrisers Hyderabad,Rajasthan Royals,Rajasthan Royals,field,Rajasthan Royals
Indian Premier League,2014,5,2014-04-19,Unknown,Dubai International Cricket Stadium,Royal Challengers Bangalore,Mumbai Indians,Royal Challengers Bangalore,field,Royal Challengers Bangalore
Indian Premier League,2014,6,2014-04-19,Unknown,Dubai International Cricket Stadium,Kolkata Knight Riders,Delhi Daredevils,Kolkata Knight Riders,bat,Delhi Daredevils
Indian Premier League,2014,7,2014-04-20,Unknown,Sharjah Cricket Stadium,Rajasthan Royals,Kings XI Punjab,Kings XI Punjab,field,Kings XI Punjab
Indian Premier League,2014,8,2014-04-21,Abu Dhabi,Sheikh Zayed Stadium,Chennai Super Kings,Delhi Daredevils,Chennai Super Kings,bat,Chennai Super Kings
Indian Premier League,2014,9,2014-04-22,Unknown,Sharjah Cricket Stadium,Kings XI Punjab,Sunrisers Hyderabad,Sunrisers Hyderabad,field,Kings XI Punjab
Indian Premier League,2014,10,2014-04-23,Unknown,Dubai International Cricket Stadium,Rajasthan Royals,Chennai Super Kings,Rajasthan Royals,field,Chennai Super Kings
Indian Premier League,2014,11,2014-04-24,Unknown,Sharjah Cricket Stadium,Royal Challengers Bangalore,Kolkata Knight Riders,Royal Challengers Bangalore,field,Kolkata Knight Riders
Indian Premier League,2014,12,2014-04-25,Unknown,Dubai International Cricket Stadium,Sunrisers Hyderabad,Delhi Daredevils,Sunrisers Hyderabad,bat,Sunrisers Hyderabad
Indian Premier League,2014,13,2014-04-25,Unknown,Dubai International Cricket Stadium,Chennai Super Kings,Mumbai Indians,Mumbai Indians,bat,Chennai Super Kings
Indian Premier League,2014,14,2014-04-26,Abu Dhabi,Sheikh Zayed Stadium,Rajasthan Royals,Royal Challengers Bangalore,Rajasthan Royals,field,Rajasthan Royals
Indian Premier League,2014,15,2014-04-26,Abu Dhabi,Sheikh Zayed Stadium,Kolkata Knight Riders,Kings XI Punjab,Kolkata Knight Riders,field,Kings XI Punjab
Indian Premier League,2014,16,2014-04-27,Unknown,Sharjah Cricket Stadium,Delhi Daredevils,Mumbai Indians,Mumbai Indians,bat,Delhi Daredevils
Indian Premier League,2014,17,2014-04-27,Unknown,Sharjah Cricket Stadium,Sunrisers Hyderabad,Chennai Super Kings,Sunrisers Hyderabad,bat,Chennai Super Kings
Indian Premier League,2014,18,2014-04-28,Unknown,Dubai International Cricket Stadium,Kings XI Punjab,Royal Challengers Bangalore,Kings XI Punjab,field,Kings XI Punjab
Indian Premier League,2014,19,2014-04-29,Abu Dhabi,Sheikh Zayed Stadium,Kolkata Knight Riders,Rajasthan Royals,Rajasthan Royals,bat,None
Indian Premier League,2014,20,2014-04-30,Unknown,Dubai International Cricket Stadium,Mumbai Indians,Sunrisers Hyderabad,Mumbai Indians,field,Sunrisers Hyderabad
Indian Premier League,2014,21,2014-05-02,Ranchi,JSCA International Stadium Complex,Chennai Super Kings,Kolkata Knight Riders,Chennai Super Kings,bat,Chennai Super Kings
Indian Premier League,2014,22,2014-05-03,Mumbai,Wankhede Stadium,Mumbai Indians,Kings XI Punjab,Kings XI Punjab,bat,Mumbai Indians
Indian Premier League,2014,23,2014-05-03,Delhi,Feroz Shah Kotla,Delhi Daredevils,Rajasthan Royals,Rajasthan Royals,field,Rajasthan Royals
Indian Premier League,2014,24,2014-05-04,Bangalore,M Chinnaswamy Stadium,Royal Challengers Bangalore,Sunrisers Hyderabad,Royal Challengers Bangalore,field,Royal Challengers Bangalore
Indian Premier League,2014,25,2014-05-05,Ahmedabad,"Sardar Patel Stadium, Motera",Rajasthan Royals,Kolkata Knight Riders,Kolkata Knight Riders,field,Rajasthan Royals
Indian Premier League,2014,26,2014-05-05,Delhi,Feroz Shah Kotla,Delhi Daredevils,Chennai Super Kings,Chennai Super Kings,field,Chennai Super Kings
Indian Premier League,2014,27,2014-05-06,Mumbai,Wankhede Stadium,Mumbai Indians,Royal Challengers Bangalore,Royal Challengers Bangalore,field,Mumbai Indians
Indian Premier League,2014,28,2014-05-07,Delhi,Feroz Shah Kotla,Delhi Daredevils,Kolkata Knight Riders,Delhi Daredevils,bat,Kolkata Knight Riders
Indian Premier League,2014,29,2014-05-07,Cuttack,Barabati Stadium,Kings XI Punjab,Chennai Super Kings,Chennai Super Kings,field,Kings XI Punjab
Indian Premier League,2014,30,2014-05-08,Ahmedabad,"Sardar Patel Stadium, Motera",Rajasthan Royals,Sunrisers Hyderabad,Rajasthan Royals,field,Sunrisers Hyderabad
Indian Premier League,2014,31,2014-05-09,Bangalore,M Chinnaswamy Stadium,Royal Challengers Bangalore,Kings XI Punjab,Royal Challengers Bangalore,field,Kings XI Punjab
Indian Premier League,2014,32,2014-05-10,Delhi,Feroz Shah Kotla,Delhi Daredevils,Sunrisers Hyderabad,Sunrisers Hyderabad,field,Sunrisers Hyderabad
Indian Premier League,2014,33,2014-05-10,Mumbai,Wankhede Stadium,Mumbai Indians,Chennai Super Kings,Chennai Super Kings,field,Chennai Super Kings
Indian Premier League,2014,34,2014-05-11,Cuttack,Barabati Stadium,Kings XI Punjab,Kolkata Knight Riders,Kolkata Knight Riders,field,Kolkata Knight Riders
Indian Premier League,2014,35,2014-05-11,Bangalore,M Chinnaswamy Stadium,Royal Challengers Bangalore,Rajasthan Royals,Royal Challengers Bangalore,bat,Rajasthan Royals
Indian Premier League,2014,36,2014-05-12,Hyderabad,"Rajiv Gandhi International Stadium, Uppal",Sunrisers Hyderabad,Mumbai Indians,Sunrisers Hyderabad,bat,Mumbai Indians
Indian Premier League,2014,37,2014-05-13,Ranchi,JSCA International Stadium Complex,Chennai Super Kings,Rajasthan Royals,Rajasthan Royals,bat,Chennai Super Kings
Indian Premier League,2014,38,2014-05-13,Bangalore,M Chinnaswamy Stadium,Royal Challengers Bangalore,Delhi Daredevils,Delhi Daredevils,field,Royal Challengers Bangalore
Indian Premier League,2014,39,2014-05-14,Hyderabad,"Rajiv Gandhi International Stadium, Uppal",Sunrisers Hyderabad,Kings XI Punjab,Kings XI Punjab,field,Kings XI Punjab
Indian Premier League,2014,40,2014-05-14,Cuttack,Barabati Stadium,Kolkata Knight Riders,Mumbai Indians,Kolkata Knight Riders,field,Kolkata Knight Riders
Indian Premier League,2014,41,2014-05-15,Ahmedabad,"Sardar Patel Stadium, Motera",Rajasthan Royals,Delhi Daredevils,Delhi Daredevils,field,Rajasthan Royals
Indian Premier League,2014,42,2014-05-18,Ranchi,JSCA International Stadium Complex,Chennai Super Kings,Royal Challengers Bangalore,Chennai Super Kings,bat,Royal Challengers Bangalore
Indian Premier League,2014,43,2014-05-18,Hyderabad,"Rajiv Gandhi International Stadium, Uppal",Sunrisers Hyderabad,Kolkata Knight Riders,Sunrisers Hyderabad,bat,Kolkata Knight Riders
Indian Premier League,2014,44,2014-05-19,Ahmedabad,"Sardar Patel Stadium, Motera",Rajasthan Royals,Mumbai Indians,Mumbai Indians,bat,Mumbai Indians
Indian Premier League,2014,45,2014-05-19,Delhi,Feroz Shah Kotla,Delhi Daredevils,Kings XI Punjab,Kings XI Punjab,field,Kings XI Punjab
Indian Premier League,2014,46,2014-05-20,Hyderabad,"Rajiv Gandhi International Stadium, Uppal",Sunrisers Hyderabad,Royal Challengers Bangalore,Royal Challengers Bangalore,bat,Sunrisers Hyderabad
Indian Premier League,2014,47,2014-05-20,Kolkata,Eden Gardens,Kolkata Knight Riders,Chennai Super Kings,Kolkata Knight Riders,field,Kolkata Knight Riders
Indian Premier League,2014,48,2014-05-21,Chandigarh,"Punjab Cricket Association Stadium, Mohali",Kings XI Punjab,Mumbai Indians,Mumbai Indians,field,Mumbai Indians
Indian Premier League,2014,49,2014-05-22,Kolkata,Eden Gardens,Kolkata Knight Riders,Royal Challengers Bangalore,Royal Challengers Bangalore,field,Kolkata Knight Riders
Indian Premier League,2014,50,2014-05-22,Ranchi,JSCA International Stadium Complex,Chennai Super Kings,Sunrisers Hyderabad,Sunrisers Hyderabad,field,Sunrisers Hyderabad
Indian Premier League,2014,51,2014-05-23,Mumbai,Wankhede Stadium,Mumbai Indians,Delhi Daredevils,Delhi Daredevils,field,Mumbai Indians
Indian Premier League,2014,52,2014-05-23,Chandigarh,"Punjab Cricket Association Stadium, Mohali",Kings XI Punjab,Rajasthan Royals,Rajasthan Royals,field,Kings XI Punjab
Indian Premier League,2014,53,2014-05-24,Bangalore,M Chinnaswamy Stadium,Royal Challengers Bangalore,Chennai Super Kings,Chennai Super Kings,field,Chennai Super Kings
Indian Premier League,2014,54,2014-05-24,Kolkata,Eden Gardens,Kolkata Knight Riders,Sunrisers Hyderabad,Kolkata Knight Riders,field,Kolkata Knight Riders
Indian Premier League,2014,55,2014-05-25,Chandigarh,"Punjab Cricket Association Stadium, Mohali",Kings XI Punjab,Delhi Daredevils,Kings XI Punjab,field,Kings XI Punjab
Indian Premier League,2014,56,2014-05-25,Mumbai,Wankhede Stadium,Mumbai Indians,Rajasthan Royals,Mumbai Indians,field,Mumbai Indians
Indian Premier League,2014,N/A,2014-05-27,Kolkata,Eden Gardens,Kings XI Punjab,Kolkata Knight Riders,Kings XI Punjab,field,Kolkata Knight Riders
Indian Premier League,2014,N/A,2014-05-28,Mumbai,Brabourne Stadium,Chennai Super Kings,Mumbai Indians,Chennai Super Kings,field,Chennai Super Kings
Indian Premier League,2014,N/A,2014-05-30,Mumbai,Wankhede Stadium,Chennai Super Kings,Kings XI Punjab,Chennai Super Kings,field,Kings XI Punjab
Indian Premier League,2014,N/A,2014-06-01,Bangalore,M Chinnaswamy Stadium,Kolkata Knight Riders,Kings XI Punjab,Kolkata Knight Riders,field,Kolkata Knight Riders
Indian Premier League,2015,1,2015-04-08,Kolkata,Eden Gardens,Kolkata Knight Riders,Mumbai Indians,Kolkata Knight Riders,field,Kolkata Knight Riders
Indian Premier League,2015,2,2015-04-09,Chennai,"MA Chidambaram Stadium, Chepauk",Chennai Super Kings,Delhi Daredevils,Delhi Daredevils,field,Chennai Super Kings
Indian Premier League,2015,3,2015-04-10,Pune,Maharashtra Cricket Association Stadium,Kings XI Punjab,Rajasthan Royals,Kings XI Punjab,field,Rajasthan Royals
Indian Premier League,2015,4,2015-04-11,Chennai,"MA Chidambaram Stadium, Chepauk",Chennai Super Kings,Sunrisers Hyderabad,Chennai Super Kings,bat,Chennai Super Kings
Indian Premier League,2015,5,2015-04-11,Kolkata,Eden Gardens,Kolkata Knight Riders,Royal Challengers Bangalore,Royal Challengers Bangalore,field,Royal Challengers Bangalore
Indian Premier League,2015,6,2015-04-12,Delhi,Feroz Shah Kotla,Delhi Daredevils,Rajasthan Royals,Rajasthan Royals,field,Rajasthan Royals
Indian Premier League,2015,7,2015-04-12,Mumbai,Wankhede Stadium,Mumbai Indians,Kings XI Punjab,Mumbai Indians,field,Kings XI Punjab
Indian Premier League,2015,8,2015-04-13,Bangalore,M Chinnaswamy Stadium,Royal Challengers Bangalore,Sunrisers Hyderabad,Sunrisers Hyderabad,field,Sunrisers Hyderabad
Indian Premier League,2015,9,2015-04-14,Ahmedabad,"Sardar Patel Stadium, Motera",Rajasthan Royals,Mumbai Indians,Mumbai Indians,bat,Rajasthan Royals
Indian Premier League,2015,10,2015-04-15,Pune,Maharashtra Cricket Association Stadium,Kings XI Punjab,Delhi Daredevils,Kings XI Punjab,bat,Delhi Daredevils
Indian Premier League,2015,11,2015-04-16,Visakhapatnam,Dr. Y.S. Rajasekhara Reddy ACA-VDCA Cricket Stadium,Sunrisers Hyderabad,Rajasthan Royals,Rajasthan Royals,field,Rajasthan Royals
Indian Premier League,2015,12,2015-04-17,Mumbai,Wankhede Stadium,Mumbai Indians,Chennai Super Kings,Mumbai Indians,bat,Chennai Super Kings
Indian Premier League,2015,13,2015-04-18,Visakhapatnam,Dr. Y.S. Rajasekhara Reddy ACA-VDCA Cricket Stadium,Sunrisers Hyderabad,Delhi Daredevils,Delhi Daredevils,bat,Delhi Daredevils
Indian Premier League,2015,14,2015-04-18,Pune,Maharashtra Cricket Association Stadium,Kings XI Punjab,Kolkata Knight Riders,Kolkata Knight Riders,field,Kolkata Knight Riders
Indian Premier League,2015,15,2015-04-19,Ahmedabad,"Sardar Patel Stadium, Motera",Rajasthan Royals,Chennai Super Kings,Chennai Super Kings,bat,Rajasthan Royals
Indian Premier League,2015,16,2015-04-19,Bangalore,M Chinnaswamy Stadium,Royal Challengers Bangalore,Mumbai Indians,Royal Challengers Bangalore,field,Mumbai Indians
Indian Premier League,2015,17,2015-04-20,Delhi,Feroz Shah Kotla,Delhi Daredevils,Kolkata Knight Riders,Kolkata Knight Riders,field,Kolkata Knight Riders
Indian Premier League,2015,18,2015-04-21,Ahmedabad,"Sardar Patel Stadium, Motera",Rajasthan Royals,Kings XI Punjab,Kings XI Punjab,field,None
Indian Premier League,2015,19,2015-04-22,Visakhapatnam,Dr. Y.S. Rajasekhara Reddy ACA-VDCA Cricket Stadium,Sunrisers Hyderabad,Kolkata Knight Riders,Kolkata Knight Riders,field,Sunrisers Hyderabad
Indian Premier League,2015,20,2015-04-22,Bangalore,M Chinnaswamy Stadium,Royal Challengers Bangalore,Chennai Super Kings,Royal Challengers Bangalore,field,Chennai Super Kings
Indian Premier League,2015,21,2015-04-23,Delhi,Feroz Shah Kotla,Delhi Daredevils,Mumbai Indians,Mumbai Indians,field,Delhi Daredevils
Indian Premier League,2015,22,2015-04-24,Ahmedabad,"Sardar Patel Stadium, Motera",Rajasthan Royals,Royal Challengers Bangalore,Royal Challengers Bangalore,field,Royal Challengers Bangalore
Indian Premier League,2015,23,2015-04-25,Mumbai,Wankhede Stadium,Mumbai Indians,Sunrisers Hyderabad,Mumbai Indians,bat,Mumbai Indians
Indian Premier League,2015,24,2015-04-25,Chennai,"MA Chidambaram Stadium, Chepauk",Chennai Super Kings,Kings XI Punjab,Chennai Super Kings,bat,Chennai Super Kings
Indian Premier League,2015,26,2015-04-26,Delhi,Feroz Shah Kotla,Delhi Daredevils,Royal Challengers Bangalore,Royal Challengers Bangalore,field,Royal Challengers Bangalore
Indian Premier League,2015,27,2015-04-27,Chandigarh,"Punjab Cricket Association Stadium, Mohali",Kings XI Punjab,Sunrisers Hyderabad,Kings XI Punjab,field,Sunrisers Hyderabad
Indian Premier League,2015,28,2015-04-28,Chennai,"MA Chidambaram Stadium, Chepauk",Chennai Super Kings,Kolkata Knight Riders,Kolkata Knight Riders,field,Chennai Super Kings
Indian Premier League,2015,29,2015-04-29,Bangalore,M Chinnaswamy Stadium,Royal Challengers Bangalore,Rajasthan Royals,Rajasthan Royals,field,None
Indian Premier League,2015,30,2015-04-30,Kolkata,Eden Gardens,Kolkata Knight Riders,Chennai Super Kings,Kolkata Knight Riders,field,Kolkata Knight Riders
Indian Premier League,2015,31,2015-05-01,Delhi,Feroz Shah Kotla,Delhi Daredevils,Kings XI Punjab,Delhi Daredevils,field,Delhi Daredevils
Indian Premier League,2015,32,2015-05-01,Mumbai,Wankhede Stadium,Mumbai Indians,Rajasthan Royals,Rajasthan Royals,field,Mumbai Indians
Indian Premier League,2015,33,2015-05-02,Bangalore,M Chinnaswamy Stadium,Royal Challengers Bangalore,Kolkata Knight Riders,Royal Challengers Bangalore,field,Royal Challengers Bangalore
Indian Premier League,2015,34,2015-05-02,Hyderabad,"Rajiv Gandhi International Stadium, Uppal",Sunrisers Hyderabad,Chennai Super Kings,Chennai Super Kings,field,Sunrisers Hyderabad
Indian Premier League,2015,35,2015-05-03,Chandigarh,"Punjab Cricket Association Stadium, Mohali",Kings XI Punjab,Mumbai Indians,Mumbai Indians,bat,Mumbai Indians
Indian Premier League,2015,36,2015-05-03,Mumbai,Brabourne Stadium,Rajasthan Royals,Delhi Daredevils,Delhi Daredevils,field,Rajasthan Royals
Indian Premier League,2015,37,2015-05-04,Chennai,"MA Chidambaram Stadium, Chepauk",Chennai Super Kings,Royal Challengers Bangalore,Chennai Super Kings,bat,Chennai Super Kings
Indian Premier League,2015,38,2015-05-04,Kolkata,Eden Gardens,Kolkata Knight Riders,Sunrisers Hyderabad,Sunrisers Hyderabad,field,Kolkata Knight Riders
Indian Premier League,2015,39,2015-05-05,Mumbai,Wankhede Stadium,Mumbai Indians,Delhi Daredevils,Delhi Daredevils,bat,Mumbai Indians
Indian Premier League,2015,40,2015-05-06,Bangalore,M Chinnaswamy Stadium,Royal Challengers Bangalore,Kings XI Punjab,Kings XI Punjab,field,Royal Challengers Bangalore
Indian Premier League,2015,41,2015-05-07,Mumbai,Brabourne Stadium,Rajasthan Royals,Sunrisers Hyderabad,Rajasthan Royals,field,Sunrisers Hyderabad
Indian Premier League,2015,42,2015-05-07,Kolkata,Eden Gardens,Kolkata Knight Riders,Delhi Daredevils,Kolkata Knight Riders,bat,Kolkata Knight Riders
Indian Premier League,2015,43,2015-05-08,Chennai,"MA Chidambaram Stadium, Chepauk",Chennai Super Kings,Mumbai Indians,Chennai Super Kings,bat,Mumbai Indians
Indian Premier League,2015,44,2015-05-09,Kolkata,Eden Gardens,Kolkata Knight Riders,Kings XI Punjab,Kings XI Punjab,bat,Kolkata Knight Riders
Indian Premier League,2015,45,2015-05-09,Raipur,Shaheed Veer Narayan Singh International Stadium,Delhi Daredevils,Sunrisers Hyderabad,Sunrisers Hyderabad,bat,Sunrisers Hyderabad
Indian Premier League,2015,46,2015-05-10,Mumbai,Wankhede Stadium,Mumbai Indians,Royal Challengers Bangalore,Royal Challengers Bangalore,bat,Royal Challengers Bangalore
Indian Premier League,2015,47,2015-05-10,Chennai,"MA Chidambaram Stadium, Chepauk",Chennai Super Kings,Rajasthan Royals,Chennai Super Kings,bat,Chennai Super Kings
Indian Premier League,2015,48,2015-05-11,Hyderabad,"Rajiv Gandhi International Stadium, Uppal",Sunrisers Hyderabad,Kings XI Punjab,Sunrisers Hyderabad,bat,Sunrisers Hyderabad
Indian Premier League,2015,49,2015-05-12,Raipur,Shaheed Veer Narayan Singh International Stadium,Delhi Daredevils,Chennai Super Kings,Chennai Super Kings,bat,Delhi Daredevils
Indian Premier League,2015,50,2015-05-13,Chandigarh,"Punjab Cricket Association Stadium, Mohali",Kings XI Punjab,Royal Challengers Bangalore,Royal Challengers Bangalore,field,Kings XI Punjab
Indian Premier League,2015,51,2015-05-14,Mumbai,Wankhede Stadium,Mumbai Indians,Kolkata Knight Riders,Kolkata Knight Riders,field,Mumbai Indians
Indian Premier League,2015,52,2015-05-15,Hyderabad,"Rajiv Gandhi International Stadium, Uppal",Sunrisers Hyderabad,Royal Challengers Bangalore,Sunrisers Hyderabad,bat,Royal Challengers Bangalore
Indian Premier League,2015,53,2015-05-16,Chandigarh,"Punjab Cricket Association Stadium, Mohali",Kings XI Punjab,Chennai Super Kings,Kings XI Punjab,bat,Chennai Super Kings
Indian Premier League,2015,54,2015-05-16,Mumbai,Brabourne Stadium,Rajasthan Royals,Kolkata Knight Riders,Rajasthan Royals,bat,Rajasthan Royals
Indian Premier League,2015,55,2015-05-17,Bangalore,M Chinnaswamy Stadium,Royal Challengers Bangalore,Delhi Daredevils,Royal Challengers Bangalore,field,None
Indian Premier League,2015,56,2015-05-17,Hyderabad,"Rajiv Gandhi International Stadium, Uppal",Sunrisers Hyderabad,Mumbai Indians,Sunrisers Hyderabad,bat,Mumbai Indians
Indian Premier League,2015,N/A,2015-05-19,Mumbai,Wankhede Stadium,Chennai Super Kings,Mumbai Indians,Mumbai Indians,bat,Mumbai Indians
Indian Premier League,2015,N/A,2015-05-20,Pune,Maharashtra Cricket Association Stadium,Royal Challengers Bangalore,Rajasthan Royals,Royal Challengers Bangalore,bat,Royal Challengers Bangalore
Indian Premier League,2015,N/A,2015-05-22,Ranchi,JSCA International Stadium Complex,Chennai Super Kings,Royal Challengers Bangalore,Chennai Super Kings,field,Chennai Super Kings
Indian Premier League,2015,N/A,2015-05-24,Kolkata,Eden Gardens,Mumbai Indians,Chennai Super Kings,Chennai Super Kings,field,Mumbai Indians
Indian Premier League,2016,1,2016-04-09,Mumbai,Wankhede Stadium,Mumbai Indians,Rising Pune Supergiants,Mumbai Indians,bat,Rising Pune Supergiants
Indian Premier League,2016,2,2016-04-10,Kolkata,Eden Gardens,Kolkata Knight Riders,Delhi Daredevils,Kolkata Knight Riders,field,Kolkata Knight Riders
Indian Premier League,2016,3,2016-04-11,Chandigarh,"Punjab Cricket Association IS Bindra Stadium, Mohali",Kings XI Punjab,Gujarat Lions,Gujarat Lions,field,Gujarat Lions
Indian Premier League,2016,4,2016-04-12,Bangalore,M Chinnaswamy Stadium,Royal Challengers Bangalore,Sunrisers Hyderabad,Sunrisers Hyderabad,field,Royal Challengers Bangalore
Indian Premier League,2016,5,2016-04-13,Kolkata,Eden Gardens,Kolkata Knight Riders,Mumbai Indians,Mumbai Indians,field,Mumbai Indians
Indian Premier League,2016,6,2016-04-14,Rajkot,Saurashtra Cricket Association Stadium,Gujarat Lions,Rising Pune Supergiants,Rising Pune Supergiants,bat,Gujarat Lions
Indian Premier League,2016,7,2016-04-15,Delhi,Feroz Shah Kotla,Delhi Daredevils,Kings XI Punjab,Delhi Daredevils,field,Delhi Daredevils
Indian Premier League,2016,8,2016-04-16,Hyderabad,"Rajiv Gandhi International Stadium, Uppal",Sunrisers Hyderabad,Kolkata Knight Riders,Sunrisers Hyderabad,bat,Kolkata Knight Riders
Indian Premier League,2016,9,2016-04-16,Mumbai,Wankhede Stadium,Mumbai Indians,Gujarat Lions,Gujarat Lions,field,Gujarat Lions
Indian Premier League,2016,10,2016-04-17,Chandigarh,"Punjab Cricket Association IS Bindra Stadium, Mohali",Kings XI Punjab,Rising Pune Supergiants,Rising Pune Supergiants,bat,Kings XI Punjab
Indian Premier League,2016,11,2016-04-17,Bangalore,M Chinnaswamy Stadium,Royal Challengers Bangalore,Delhi Daredevils,Delhi Daredevils,field,Delhi Daredevils
Indian Premier League,2016,12,2016-04-18,Hyderabad,"Rajiv Gandhi International Stadium, Uppal",Sunrisers Hyderabad,Mumbai Indians,Sunrisers Hyderabad,field,Sunrisers Hyderabad
Indian Premier League,2016,13,2016-04-19,Chandigarh,"Punjab Cricket Association IS Bindra Stadium, Mohali",Kings XI Punjab,Kolkata Knight Riders,Kolkata Knight Riders,field,Kolkata Knight Riders
Indian Premier League,2016,14,2016-04-20,Mumbai,Wankhede Stadium,Mumbai Indians,Royal Challengers Bangalore,Mumbai Indians,field,Mumbai Indians
Indian Premier League,2016,15,2016-04-21,Rajkot,Saurashtra Cricket Association Stadium,Gujarat Lions,Sunrisers Hyderabad,Sunrisers Hyderabad,field,Sunrisers Hyderabad
Indian Premier League,2016,16,2016-04-22,Pune,Maharashtra Cricket Association Stadium,Rising Pune Supergiants,Royal Challengers Bangalore,Rising Pune Supergiants,field,Royal Challengers Bangalore
Indian Premier League,2016,17,2016-04-23,Delhi,Feroz Shah Kotla,Delhi Daredevils,Mumbai Indians,Mumbai Indians,field,Delhi Daredevils
Indian Premier League,2016,18,2016-04-23,Hyderabad,"Rajiv Gandhi International Stadium, Uppal",Sunrisers Hyderabad,Kings XI Punjab,Sunrisers Hyderabad,field,Sunrisers Hyderabad
Indian Premier League,2016,19,2016-04-24,Rajkot,Saurashtra Cricket Association Stadium,Gujarat Lions,Royal Challengers Bangalore,Royal Challengers Bangalore,bat,Gujarat Lions
Indian Premier League,2016,20,2016-04-24,Pune,Maharashtra Cricket Association Stadium,Rising Pune Supergiants,Kolkata Knight Riders,Kolkata Knight Riders,field,Kolkata Knight Riders
Indian Premier League,2016,21,2016-04-25,Chandigarh,"Punjab Cricket Association IS Bindra Stadium, Mohali",Kings XI Punjab,Mumbai Indians,Kings XI Punjab,field,Mumbai Indians
Indian Premier League,2016,22,2016-04-26,Hyderabad,"Rajiv Gandhi International Stadium, Uppal",Sunrisers Hyderabad,Rising Pune Supergiants,Rising Pune Supergiants,field,Rising Pune Supergiants
Indian Premier League,2016,23,2016-04-27,Delhi,Feroz Shah Kotla,Delhi Daredevils,Gujarat Lions,Delhi Daredevils,field,Gujarat Lions
Indian Premier League,2016,24,2016-04-28,Mumbai,Wankhede Stadium,Mumbai Indians,Kolkata Knight Riders,Mumbai Indians,field,Mumbai Indians
Indian Premier League,2016,25,2016-04-29,Pune,Maharashtra Cricket Association Stadium,Rising Pune Supergiants,Gujarat Lions,Gujarat Lions,field,Gujarat Lions
Indian Premier League,2016,26,2016-04-30,Delhi,Feroz Shah Kotla,Delhi Daredevils,Kolkata Knight Riders,Kolkata Knight Riders,field,Delhi Daredevils
Indian Premier League,2016,27,2016-04-30,Hyderabad,"Rajiv Gandhi International Stadium, Uppal",Sunrisers Hyderabad,Royal Challengers Bangalore,Royal Challengers Bangalore,field,Sunrisers Hyderabad
Indian Premier League,2016,28,2016-05-01,Rajkot,Saurashtra Cricket Association Stadium,Gujarat Lions,Kings XI Punjab,Gujarat Lions,field,Kings XI Punjab
Indian Premier League,2016,29,2016-05-01,Pune,Maharashtra Cricket Association Stadium,Rising Pune Supergiants,Mumbai Indians,Mumbai Indians,field,Mumbai Indians
Indian Premier League,2016,30,2016-05-02,Bangalore,M Chinnaswamy Stadium,Royal Challengers Bangalore,Kolkata Knight Riders,Kolkata Knight Riders,field,Kolkata Knight Riders
Indian Premier League,2016,31,2016-05-03,Rajkot,Saurashtra Cricket Association Stadium,Gujarat Lions,Delhi Daredevils,Delhi Daredevils,field,Delhi Daredevils
Indian Premier League,2016,32,2016-05-04,Kolkata,Eden Gardens,Kolkata Knight Riders,Kings XI Punjab,Kings XI Punjab,field,Kolkata Knight Riders
Indian Premier League,2016,33,2016-05-05,Delhi,Feroz Shah Kotla,Delhi Daredevils,Rising Pune Supergiants,Rising Pune Supergiants,field,Rising Pune Supergiants
Indian Premier League,2016,34,2016-05-06,Hyderabad,"Rajiv Gandhi International Stadium, Uppal",Sunrisers Hyderabad,Gujarat Lions,Sunrisers Hyderabad,field,Sunrisers Hyderabad
Indian Premier League,2016,35,2016-05-07,Bangalore,M Chinnaswamy Stadium,Royal Challengers Bangalore,Rising Pune Supergiants,Royal Challengers Bangalore,field,Royal Challengers Bangalore
Indian Premier League,2016,36,2016-05-07,Chandigarh,"Punjab Cricket Association IS Bindra Stadium, Mohali",Kings XI Punjab,Delhi Daredevils,Delhi Daredevils,field,Kings XI Punjab
Indian Premier League,2016,37,2016-05-08,Visakhapatnam,Dr. Y.S. Rajasekhara Reddy ACA-VDCA Cricket Stadium,Mumbai Indians,Sunrisers Hyderabad,Mumbai Indians,field,Sunrisers Hyderabad
Indian Premier League,2016,38,2016-05-08,Kolkata,Eden Gardens,Kolkata Knight Riders,Gujarat Lions,Gujarat Lions,field,Gujarat Lions
Indian Premier League,2016,39,2016-05-09,Chandigarh,"Punjab Cricket Association IS Bindra Stadium, Mohali",Kings XI Punjab,Royal Challengers Bangalore,Kings XI Punjab,field,Royal Challengers Bangalore
Indian Premier League,2016,40,2016-05-10,Visakhapatnam,Dr. Y.S. Rajasekhara Reddy ACA-VDCA Cricket Stadium,Rising Pune Supergiants,Sunrisers Hyderabad,Sunrisers Hyderabad,bat,Sunrisers Hyderabad
Indian Premier League,2016,41,2016-05-11,Bangalore,M Chinnaswamy Stadium,Royal Challengers Bangalore,Mumbai Indians,Mumbai Indians,field,Mumbai Indians
Indian Premier League,2016,42,2016-05-12,Hyderabad,"Rajiv Gandhi International Stadium, Uppal",Sunrisers Hyderabad,Delhi Daredevils,Delhi Daredevils,field,Delhi Daredevils
Indian Premier League,2016,43,2016-05-13,Visakhapatnam,Dr. Y.S. Rajasekhara Reddy ACA-VDCA Cricket Stadium,Mumbai Indians,Kings XI Punjab,Mumbai Indians,bat,Kings XI Punjab
Indian Premier League,2016,44,2016-05-14,Bangalore,M Chinnaswamy Stadium,Royal Challengers Bangalore,Gujarat Lions,Gujarat Lions,field,Royal Challengers Bangalore
Indian Premier League,2016,45,2016-05-14,Kolkata,Eden Gardens,Kolkata Knight Riders,Rising Pune Supergiants,Rising Pune Supergiants,bat,Kolkata Knight Riders
Indian Premier League,2016,46,2016-05-15,Chandigarh,"Punjab Cricket Association IS Bindra Stadium, Mohali",Kings XI Punjab,Sunrisers Hyderabad,Kings XI Punjab,bat,Sunrisers Hyderabad
Indian Premier League,2016,47,2016-05-15,Visakhapatnam,Dr. Y.S. Rajasekhara Reddy ACA-VDCA Cricket Stadium,Mumbai Indians,Delhi Daredevils,Delhi Daredevils,field,Mumbai Indians
Indian Premier League,2016,48,2016-05-16,Kolkata,Eden Gardens,Kolkata Knight Riders,Royal Challengers Bangalore,Royal Challengers Bangalore,field,Royal Challengers Bangalore
Indian Premier League,2016,49,2016-05-17,Visakhapatnam,Dr. Y.S. Rajasekhara Reddy ACA-VDCA Cricket Stadium,Rising Pune Supergiants,Delhi Daredevils,Rising Pune Supergiants,field,Rising Pune Supergiants
Indian Premier League,2016,50,2016-05-18,Bangalore,M Chinnaswamy Stadium,Royal Challengers Bangalore,Kings XI Punjab,Kings XI Punjab,field,Royal Challengers Bangalore
Indian Premier League,2016,51,2016-05-19,Kanpur,Green Park,Gujarat Lions,Kolkata Knight Riders,Gujarat Lions,field,Gujarat Lions
Indian Premier League,2016,52,2016-05-20,Raipur,Shaheed Veer Narayan Singh International Stadium,Delhi Daredevils,Sunrisers Hyderabad,Delhi Daredevils,field,Delhi Daredevils
Indian Premier League,2016,53,2016-05-21,Visakhapatnam,Dr. Y.S. Rajasekhara Reddy ACA-VDCA Cricket Stadium,Rising Pune Supergiants,Kings XI Punjab,Kings XI Punjab,bat,Rising Pune Supergiants
Indian Premier League,2016,54,2016-05-21,Kanpur,Green Park,Gujarat Lions,Mumbai Indians,Gujarat Lions,field,Gujarat Lions
Indian Premier League,2016,55,2016-05-22,Kolkata,Eden Gardens,Kolkata Knight Riders,Sunrisers Hyderabad,Sunrisers Hyderabad,field,Kolkata Knight Riders
Indian Premier League,2016,56,2016-05-22,Raipur,Shaheed Veer Narayan Singh International Stadium,Delhi Daredevils,Royal Challengers Bangalore,Royal Challengers Bangalore,field,Royal Challengers Bangalore
Indian Premier League,2016,N/A,2016-05-24,Bangalore,M Chinnaswamy Stadium,Gujarat Lions,Royal Challengers Bangalore,Royal Challengers Bangalore,field,Royal Challengers Bangalore
Indian Premier League,2016,N/A,2016-05-25,Delhi,Feroz Shah Kotla,Sunrisers Hyderabad,Kolkata Knight Riders,Kolkata Knight Riders,field,Sunrisers Hyderabad
Indian Premier League,2016,N/A,2016-05-27,Delhi,Feroz Shah Kotla,Gujarat Lions,Sunrisers Hyderabad,Sunrisers Hyderabad,field,Sunrisers Hyderabad
Indian Premier League,2016,N/A,2016-05-29,Bangalore,M Chinnaswamy Stadium,Royal Challengers Bangalore,Sunrisers Hyderabad,Sunrisers Hyderabad,bat,Sunrisers Hyderabad
Indian Premier League,2017,1,2017-04-05,Hyderabad,"Rajiv Gandhi International Stadium, Uppal",Sunrisers Hyderabad,Royal Challengers Bangalore,Royal Challengers Bangalore,field,Sunrisers Hyderabad
Indian Premier League,2017,2,2017-04-06,Pune,Maharashtra Cricket Association Stadium,Rising Pune Supergiant,Mumbai Indians,Rising Pune Supergiant,field,Rising Pune Supergiant
Indian Premier League,2017,3,2017-04-07,Rajkot,Saurashtra Cricket Association Stadium,Gujarat Lions,Kolkata Knight Riders,Kolkata Knight Riders,field,Kolkata Knight Riders
Indian Premier League,2017,4,2017-04-08,Indore,Holkar Cricket Stadium,Kings XI Punjab,Rising Pune Supergiant,Kings XI Punjab,field,Kings XI Punjab
Indian Premier League,2017,5,2017-04-08,Bengaluru,M.Chinnaswamy Stadium,Royal Challengers Bangalore,Delhi Daredevils,Royal Challengers Bangalore,bat,Royal Challengers Bangalore
Indian Premier League,2017,6,2017-04-09,Hyderabad,"Rajiv Gandhi International Stadium, Uppal",Sunrisers Hyderabad,Gujarat Lions,Sunrisers Hyderabad,field,Sunrisers Hyderabad
Indian Premier League,2017,7,2017-04-09,Mumbai,Wankhede Stadium,Mumbai Indians,Kolkata Knight Riders,Mumbai Indians,field,Mumbai Indians
Indian Premier League,2017,8,2017-04-10,Indore,Holkar Cricket Stadium,Kings XI Punjab,Royal Challengers Bangalore,Royal Challengers Bangalore,bat,Kings XI Punjab
Indian Premier League,2017,9,2017-04-11,Pune,Maharashtra Cricket Association Stadium,Rising Pune Supergiant,Delhi Daredevils,Rising Pune Supergiant,field,Delhi Daredevils
Indian Premier League,2017,10,2017-04-12,Mumbai,Wankhede Stadium,Mumbai Indians,Sunrisers Hyderabad,Mumbai Indians,field,Mumbai Indians
Indian Premier League,2017,11,2017-04-13,Kolkata,Eden Gardens,Kolkata Knight Riders,Kings XI Punjab,Kolkata Knight Riders,field,Kolkata Knight Riders
Indian Premier League,2017,12,2017-04-14,Bangalore,M Chinnaswamy Stadium,Royal Challengers Bangalore,Mumbai Indians,Mumbai Indians,field,Mumbai Indians
Indian Premier League,2017,13,2017-04-14,Rajkot,Saurashtra Cricket Association Stadium,Gujarat Lions,Rising Pune Supergiant,Gujarat Lions,field,Gujarat Lions
Indian Premier League,2017,14,2017-04-15,Kolkata,Eden Gardens,Kolkata Knight Riders,Sunrisers Hyderabad,Sunrisers Hyderabad,field,Kolkata Knight Riders
Indian Premier League,2017,15,2017-04-15,Delhi,Feroz Shah Kotla,Delhi Daredevils,Kings XI Punjab,Delhi Daredevils,bat,Delhi Daredevils
Indian Premier League,2017,16,2017-04-16,Mumbai,Wankhede Stadium,Mumbai Indians,Gujarat Lions,Mumbai Indians,field,Mumbai Indians
Indian Premier League,2017,17,2017-04-16,Bangalore,M Chinnaswamy Stadium,Royal Challengers Bangalore,Rising Pune Supergiant,Royal Challengers Bangalore,field,Rising Pune Supergiant
Indian Premier League,2017,18,2017-04-17,Delhi,Feroz Shah Kotla,Delhi Daredevils,Kolkata Knight Riders,Delhi Daredevils,bat,Kolkata Knight Riders
Indian Premier League,2017,19,2017-04-17,Hyderabad,"Rajiv Gandhi International Stadium, Uppal",Sunrisers Hyderabad,Kings XI Punjab,Kings XI Punjab,field,Sunrisers Hyderabad
Indian Premier League,2017,20,2017-04-18,Rajkot,Saurashtra Cricket Association Stadium,Gujarat Lions,Royal Challengers Bangalore,Gujarat Lions,field,Royal Challengers Bangalore
Indian Premier League,2017,21,2017-04-19,Hyderabad,"Rajiv Gandhi International Stadium, Uppal",Sunrisers Hyderabad,Delhi Daredevils,Sunrisers Hyderabad,bat,Sunrisers Hyderabad
Indian Premier League,2017,22,2017-04-20,Indore,Holkar Cricket Stadium,Kings XI Punjab,Mumbai Indians,Mumbai Indians,field,Mumbai Indians
Indian Premier League,2017,23,2017-04-21,Kolkata,Eden Gardens,Kolkata Knight Riders,Gujarat Lions,Gujarat Lions,field,Gujarat Lions
Indian Premier League,2017,24,2017-04-22,Pune,Maharashtra Cricket Association Stadium,Rising Pune Supergiant,Sunrisers Hyderabad,Rising Pune Supergiant,field,Rising Pune Supergiant
Indian Premier League,2017,25,2017-04-22,Mumbai,Wankhede Stadium,Mumbai Indians,Delhi Daredevils,Delhi Daredevils,field,Mumbai Indians
Indian Premier League,2017,26,2017-04-23,Rajkot,Saurashtra Cricket Association Stadium,Gujarat Lions,Kings XI Punjab,Gujarat Lions,field,Kings XI Punjab
Indian Premier League,2017,27,2017-04-23,Kolkata,Eden Gardens,Kolkata Knight Riders,Royal Challengers Bangalore,Royal Challengers Bangalore,field,Kolkata Knight Riders
Indian Premier League,2017,28,2017-04-24,Mumbai,Wankhede Stadium,Mumbai Indians,Rising Pune Supergiant,Mumbai Indians,field,Rising Pune Supergiant
Indian Premier League,2017,30,2017-04-26,Pune,Maharashtra Cricket Association Stadium,Rising Pune Supergiant,Kolkata Knight Riders,Kolkata Knight Riders,field,Kolkata Knight Riders
Indian Premier League,2017,31,2017-04-27,Bangalore,M Chinnaswamy Stadium,Royal Challengers Bangalore,Gujarat Lions,Gujarat Lions,field,Gujarat Lions
Indian Premier League,2017,32,2017-04-28,Kolkata,Eden Gardens,Kolkata Knight Riders,Delhi Daredevils,Kolkata Knight Riders,field,Kolkata Knight Riders
Indian Premier League,2017,33,2017-04-28,Chandigarh,"Punjab Cricket Association IS Bindra Stadium, Mohali",Kings XI Punjab,Sunrisers Hyderabad,Kings XI Punjab,field,Sunrisers Hyderabad
Indian Premier League,2017,34,2017-04-29,Pune,Maharashtra Cricket Association Stadium,Rising Pune Supergiant,Royal Challengers Bangalore,Royal Challengers Bangalore,field,Rising Pune Supergiant
Indian Premier League,2017,35,2017-04-29,Rajkot,Saurashtra Cricket Association Stadium,Gujarat Lions,Mumbai Indians,Gujarat Lions,bat,None
Indian Premier League,2017,36,2017-04-30,Chandigarh,"Punjab Cricket Association IS Bindra Stadium, Mohali",Kings XI Punjab,Delhi Daredevils,Kings XI Punjab,field,Kings XI Punjab
Indian Premier League,2017,37,2017-04-30,Hyderabad,"Rajiv Gandhi International Stadium, Uppal",Sunrisers Hyderabad,Kolkata Knight Riders,Kolkata Knight Riders,field,Sunrisers Hyderabad
Indian Premier League,2017,38,2017-05-01,Mumbai,Wankhede Stadium,Mumbai Indians,Royal Challengers Bangalore,Royal Challengers Bangalore,bat,Mumbai Indians
Indian Premier League,2017,39,2017-05-01,Pune,Maharashtra Cricket Association Stadium,Rising Pune Supergiant,Gujarat Lions,Rising Pune Supergiant,field,Rising Pune Supergiant
Indian Premier League,2017,40,2017-05-02,Delhi,Feroz Shah Kotla,Delhi Daredevils,Sunrisers Hyderabad,Delhi Daredevils,field,Delhi Daredevils
Indian Premier League,2017,41,2017-05-03,Kolkata,Eden Gardens,Kolkata Knight Riders,Rising Pune Supergiant,Rising Pune Supergiant,field,Rising Pune Supergiant
Indian Premier League,2017,42,2017-05-04,Delhi,Feroz Shah Kotla,Delhi Daredevils,Gujarat Lions,Delhi Daredevils,field,Delhi Daredevils
Indian Premier League,2017,43,2017-05-05,Bangalore,M Chinnaswamy Stadium,Royal Challengers Bangalore,Kings XI Punjab,Royal Challengers Bangalore,field,Kings XI Punjab
Indian Premier League,2017,44,2017-05-06,Hyderabad,"Rajiv Gandhi International Stadium, Uppal",Sunrisers Hyderabad,Rising Pune Supergiant,Sunrisers Hyderabad,field,Rising Pune Supergiant
Indian Premier League,2017,45,2017-05-06,Delhi,Feroz Shah Kotla,Delhi Daredevils,Mumbai Indians,Delhi Daredevils,field,Mumbai Indians
Indian Premier League,2017,46,2017-05-07,Bangalore,M Chinnaswamy Stadium,Royal Challengers Bangalore,Kolkata Knight Riders,Kolkata Knight Riders,field,Kolkata Knight Riders
Indian Premier League,2017,47,2017-05-07,Chandigarh,"Punjab Cricket Association IS Bindra Stadium, Mohali",Kings XI Punjab,Gujarat Lions,Gujarat Lions,field,Gujarat Lions
Indian Premier League,2017,48,2017-05-08,Hyderabad,"Rajiv Gandhi International Stadium, Uppal",Sunrisers Hyderabad,Mumbai Indians,Mumbai Indians,bat,Sunrisers Hyderabad
Indian Premier League,2017,49,2017-05-09,Chandigarh,"Punjab Cricket Association IS Bindra Stadium, Mohali",Kings XI Punjab,Kolkata Knight Riders,Kolkata Knight Riders,field,Kings XI Punjab
Indian Premier League,2017,50,2017-05-10,Kanpur,Green Park,Gujarat Lions,Delhi Daredevils,Delhi Daredevils,field,Delhi Daredevils
Indian Premier League,2017,51,2017-05-11,Mumbai,Wankhede Stadium,Mumbai Indians,Kings XI Punjab,Mumbai Indians,field,Kings XI Punjab
Indian Premier League,2017,52,2017-05-12,Delhi,Feroz Shah Kotla,Delhi Daredevils,Rising Pune Supergiant,Delhi Daredevils,bat,Delhi Daredevils
Indian Premier League,2017,53,2017-05-13,Kanpur,Green Park,Gujarat Lions,Sunrisers Hyderabad,Sunrisers Hyderabad,field,Sunrisers Hyderabad
Indian Premier League,2017,54,2017-05-13,Kolkata,Eden Gardens,Kolkata Knight Riders,Mumbai Indians,Kolkata Knight Riders,field,Mumbai Indians
Indian Premier League,2017,55,2017-05-14,Pune,Maharashtra Cricket Association Stadium,Rising Pune Supergiant,Kings XI Punjab,Rising Pune Supergiant,field,Rising Pune Supergiant
Indian Premier League,2017,56,2017-05-14,Delhi,Feroz Shah Kotla,Delhi Daredevils,Royal Challengers Bangalore,Royal Challengers Bangalore,bat,Royal Challengers Bangalore
Indian Premier League,2017,N/A,2017-05-16,Mumbai,Wankhede Stadium,Mumbai Indians,Rising Pune Supergiant,Mumbai Indians,field,Rising Pune Supergiant
Indian Premier League,2017,N/A,2017-05-17,Bangalore,M Chinnaswamy Stadium,Sunrisers Hyderabad,Kolkata Knight Riders,Kolkata Knight Riders,field,Kolkata Knight Riders
Indian Premier League,2017,N/A,2017-05-19,Bangalore,M Chinnaswamy Stadium,Mumbai Indians,Kolkata Knight Riders,Mumbai Indians,field,Mumbai Indians
Indian Premier League,2017,N/A,2017-05-21,Hyderabad,"Rajiv Gandhi International Stadium, Uppal",Mumbai Indians,Rising Pune Supergiant,Mumbai Indians,bat,Mumbai Indians
Indian Premier League,2018,1,2018-04-07,Mumbai,Wankhede Stadium,Mumbai Indians,Chennai Super Kings,Chennai Super Kings,field,Chennai Super Kings
Indian Premier League,2018,2,2018-04-08,Chandigarh,Punjab Cricket Association IS Bindra Stadium,Delhi Daredevils,Kings XI Punjab,Kings XI Punjab,field,Kings XI Punjab
Indian Premier League,2018,3,2018-04-08,Kolkata,Eden Gardens,Royal Challengers Bangalore,Kolkata Knight Riders,Kolkata Knight Riders,field,Kolkata Knight Riders
Indian Premier League,2018,4,2018-04-09,Hyderabad,Rajiv Gandhi International Stadium,Rajasthan Royals,Sunrisers Hyderabad,Sunrisers Hyderabad,field,Sunrisers Hyderabad
Indian Premier League,2018,5,2018-04-10,Chennai,MA Chidambaram Stadium,Kolkata Knight Riders,Chennai Super Kings,Chennai Super Kings,field,Chennai Super Kings
Indian Premier League,2018,6,2018-04-11,Jaipur,Sawai Mansingh Stadium,Rajasthan Royals,Delhi Daredevils,Delhi Daredevils,field,Rajasthan Royals
Indian Premier League,2018,7,2018-04-12,Hyderabad,Rajiv Gandhi International Stadium,Mumbai Indians,Sunrisers Hyderabad,Sunrisers Hyderabad,field,Sunrisers Hyderabad
Indian Premier League,2018,8,2018-04-13,Bengaluru,M.Chinnaswamy Stadium,Kings XI Punjab,Royal Challengers Bangalore,Royal Challengers Bangalore,field,Royal Challengers Bangalore
Indian Premier League,2018,9,2018-04-14,Mumbai,Wankhede Stadium,Mumbai Indians,Delhi Daredevils,Delhi Daredevils,field,Delhi Daredevils
Indian Premier League,2018,10,2018-04-14,Kolkata,Eden Gardens,Kolkata Knight Riders,Sunrisers Hyderabad,Sunrisers Hyderabad,field,Sunrisers Hyderabad
Indian Premier League,2018,11,2018-04-15,Bengaluru,M.Chinnaswamy Stadium,Rajasthan Royals,Royal Challengers Bangalore,Royal Challengers Bangalore,field,Rajasthan Royals
Indian Premier League,2018,12,2018-04-15,Chandigarh,Punjab Cricket Association IS Bindra Stadium,Kings XI Punjab,Chennai Super Kings,Chennai Super Kings,field,Kings XI Punjab
Indian Premier League,2018,13,2018-04-16,Kolkata,Eden Gardens,Kolkata Knight Riders,Delhi Daredevils,Delhi Daredevils,field,Kolkata Knight Riders
Indian Premier League,2018,14,2018-04-17,Mumbai,Wankhede Stadium,Mumbai Indians,Royal Challengers Bangalore,Royal Challengers Bangalore,field,Mumbai Indians
Indian Premier League,2018,15,2018-04-18,Jaipur,Sawai Mansingh Stadium,Rajasthan Royals,Kolkata Knight Riders,Kolkata Knight Riders,field,Kolkata Knight Riders
Indian Premier League,2018,16,2018-04-19,Chandigarh,Punjab Cricket Association IS Bindra Stadium,Kings XI Punjab,Sunrisers Hyderabad,Kings XI Punjab,bat,Kings XI Punjab
Indian Premier League,2018,17,2018-04-20,Pune,Maharashtra Cricket Association Stadium,Chennai Super Kings,Rajasthan Royals,Rajasthan Royals,field,Chennai Super Kings
Indian Premier League,2018,18,2018-04-21,Kolkata,Eden Gardens,Kolkata Knight Riders,Kings XI Punjab,Kings XI Punjab,field,Kings XI Punjab
Indian Premier League,2018,19,2018-04-21,Bengaluru,M.Chinnaswamy Stadium,Delhi Daredevils,Royal Challengers Bangalore,Royal Challengers Bangalore,field,Royal Challengers Bangalore
Indian Premier League,2018,20,2018-04-22,Hyderabad,Rajiv Gandhi International Stadium,Chennai Super Kings,Sunrisers Hyderabad,Sunrisers Hyderabad,field,Chennai Super Kings
Indian Premier League,2018,21,2018-04-22,Jaipur,Sawai Mansingh Stadium,Mumbai Indians,Rajasthan Royals,Mumbai Indians,bat,Rajasthan Royals
Indian Premier League,2018,22,2018-04-23,Delhi,Arun Jaitley Stadium,Kings XI Punjab,Delhi Daredevils,Delhi Daredevils,field,Kings XI Punjab
Indian Premier League,2018,23,2018-04-24,Mumbai,Wankhede Stadium,Sunrisers Hyderabad,Mumbai Indians,Mumbai Indians,field,Sunrisers Hyderabad
Indian Premier League,2018,24,2018-04-25,Bengaluru,M.Chinnaswamy Stadium,Royal Challengers Bangalore,Chennai Super Kings,Chennai Super Kings,field,Chennai Super Kings
Indian Premier League,2018,25,2018-04-26,Hyderabad,Rajiv Gandhi International Stadium,Sunrisers Hyderabad,Kings XI Punjab,Kings XI Punjab,field,Sunrisers Hyderabad
Indian Premier League,2018,26,2018-04-27,Delhi,Arun Jaitley Stadium,Delhi Daredevils,Kolkata Knight Riders,Kolkata Knight Riders,field,Delhi Daredevils
Indian Premier League,2018,27,2018-04-28,Pune,Maharashtra Cricket Association Stadium,Chennai Super Kings,Mumbai Indians,Mumbai Indians,field,Mumbai Indians
Indian Premier League,2018,28,2018-04-29,Jaipur,Sawai Mansingh Stadium,Sunrisers Hyderabad,Rajasthan Royals,Sunrisers Hyderabad,bat,Sunrisers Hyderabad
Indian Premier League,2018,29,2018-04-29,Bengaluru,M.Chinnaswamy Stadium,Royal Challengers Bangalore,Kolkata Knight Riders,Kolkata Knight Riders,field,Kolkata Knight Riders
Indian Premier League,2018,30,2018-04-30,Pune,Maharashtra Cricket Association Stadium,Chennai Super Kings,Delhi Daredevils,Delhi Daredevils,field,Chennai Super Kings
Indian Premier League,2018,31,2018-05-01,Bengaluru,M.Chinnaswamy Stadium,Royal Challengers Bangalore,Mumbai Indians,Mumbai Indians,field,Royal Challengers Bangalore
Indian Premier League,2018,32,2018-05-02,Delhi,Arun Jaitley Stadium,Delhi Daredevils,Rajasthan Royals,Rajasthan Royals,field,Delhi Daredevils
Indian Premier League,2018,33,2018-05-03,Kolkata,Eden Gardens,Chennai Super Kings,Kolkata Knight Riders,Kolkata Knight Riders,field,Kolkata Knight Riders
Indian Premier League,2018,34,2018-05-04,Indore,Holkar Cricket Stadium,Kings XI Punjab,Mumbai Indians,Mumbai Indians,field,Mumbai Indians
Indian Premier League,2018,35,2018-05-05,Pune,Maharashtra Cricket Association Stadium,Royal Challengers Bangalore,Chennai Super Kings,Chennai Super Kings,field,Chennai Super Kings
Indian Premier League,2018,36,2018-05-05,Hyderabad,Rajiv Gandhi International Stadium,Delhi Daredevils,Sunrisers Hyderabad,Delhi Daredevils,bat,Sunrisers Hyderabad
Indian Premier League,2018,37,2018-05-06,Mumbai,Wankhede Stadium,Mumbai Indians,Kolkata Knight Riders,Kolkata Knight Riders,field,Mumbai Indians
Indian Premier League,2018,38,2018-05-06,Indore,Holkar Cricket Stadium,Rajasthan Royals,Kings XI Punjab,Kings XI Punjab,field,Kings XI Punjab
Indian Premier League,2018,39,2018-05-07,Hyderabad,Rajiv Gandhi International Stadium,Sunrisers Hyderabad,Royal Challengers Bangalore,Royal Challengers Bangalore,field,Sunrisers Hyderabad
Indian Premier League,2018,40,2018-05-08,Jaipur,Sawai Mansingh Stadium,Rajasthan Royals,Kings XI Punjab,Rajasthan Royals,bat,Rajasthan Royals
Indian Premier League,2018,41,2018-05-09,Kolkata,Eden Gardens,Mumbai Indians,Kolkata Knight Riders,Kolkata Knight Riders,field,Mumbai Indians
Indian Premier League,2018,42,2018-05-10,Delhi,Arun Jaitley Stadium,Delhi Daredevils,Sunrisers Hyderabad,Delhi Daredevils,bat,Sunrisers Hyderabad
Indian Premier League,2018,43,2018-05-11,Jaipur,Sawai Mansingh Stadium,Chennai Super Kings,Rajasthan Royals,Chennai Super Kings,bat,Rajasthan Royals
Indian Premier League,2018,44,2018-05-12,Indore,Holkar Cricket Stadium,Kolkata Knight Riders,Kings XI Punjab,Kings XI Punjab,field,Kolkata Knight Riders
Indian Premier League,2018,45,2018-05-12,Delhi,Arun Jaitley Stadium,Delhi Daredevils,Royal Challengers Bangalore,Royal Challengers Bangalore,field,Royal Challengers Bangalore
Indian Premier League,2018,46,2018-05-13,Pune,Maharashtra Cricket Association Stadium,Sunrisers Hyderabad,Chennai Super Kings,Chennai Super Kings,field,Chennai Super Kings
Indian Premier League,2018,47,2018-05-13,Mumbai,Wankhede Stadium,Mumbai Indians,Rajasthan Royals,Rajasthan Royals,field,Rajasthan Royals
Indian Premier League,2018,48,2018-05-14,Indore,Holkar Cricket Stadium,Kings XI Punjab,Royal Challengers Bangalore,Royal Challengers Bangalore,field,Royal Challengers Bangalore
Indian Premier League,2018,49,2018-05-15,Kolkata,Eden Gardens,Rajasthan Royals,Kolkata Knight Riders,Kolkata Knight Riders,field,Kolkata Knight Riders
Indian Premier League,2018,50,2018-05-16,Mumbai,Wankhede Stadium,Mumbai Indians,Kings XI Punjab,Kings XI Punjab,field,Mumbai Indians
Indian Premier League,2018,51,2018-05-17,Bengaluru,M.Chinnaswamy Stadium,Royal Challengers Bangalore,Sunrisers Hyderabad,Sunrisers Hyderabad,field,Royal Challengers Bangalore
Indian Premier League,2018,52,2018-05-18,Delhi,Arun Jaitley Stadium,Delhi Daredevils,Chennai Super Kings,Chennai Super Kings,field,Delhi Daredevils
Indian Premier League,2018,53,2018-05-19,Jaipur,Sawai Mansingh Stadium,Rajasthan Royals,Royal Challengers Bangalore,Rajasthan Royals,bat,Rajasthan Royals
Indian Premier League,2018,54,2018-05-19,Hyderabad,Rajiv Gandhi International Stadium,Sunrisers Hyderabad,Kolkata Knight Riders,Sunrisers Hyderabad,bat,Kolkata Knight Riders
Indian Premier League,2018,55,2018-05-20,Delhi,Arun Jaitley Stadium,Delhi Daredevils,Mumbai Indians,Delhi Daredevils,bat,Delhi Daredevils
Indian Premier League,2018,56,2018-05-20,Pune,Maharashtra Cricket Association Stadium,Kings XI Punjab,Chennai Super Kings,Chennai Super Kings,field,Chennai Super Kings
Indian Premier League,2018,N/A,2018-05-22,Mumbai,Wankhede Stadium,Sunrisers Hyderabad,Chennai Super Kings,Chennai Super Kings,field,Chennai Super Kings
Indian Premier League,2018,N/A,2018-05-23,Kolkata,Eden Gardens,Kolkata Knight Riders,Rajasthan Royals,Rajasthan Royals,field,Kolkata Knight Riders
Indian Premier League,2018,N/A,2018-05-25,Kolkata,Eden Gardens,Sunrisers Hyderabad,Kolkata Knight Riders,Kolkata Knight Riders,field,Sunrisers Hyderabad
Indian Premier League,2018,N/A,2018-05-27,Mumbai,Wankhede Stadium,Sunrisers Hyderabad,Chennai Super Kings,Chennai Super Kings,field,Chennai Super Kings
Indian Premier League,2019,1,2019-03-23,Chennai,MA Chidambaram Stadium,Royal Challengers Bangalore,Chennai Super Kings,Chennai Super Kings,field,Chennai Super Kings
Indian Premier League,2019,2,2019-03-24,Kolkata,Eden Gardens,Sunrisers Hyderabad,Kolkata Knight Riders,Kolkata Knight Riders,field,Kolkata Knight Riders
Indian Premier League,2019,3,2019-03-24,Mumbai,Wankhede Stadium,Delhi Capitals,Mumbai Indians,Mumbai Indians,field,Delhi Capitals
Indian Premier League,2019,4,2019-03-25,Jaipur,Sawai Mansingh Stadium,Kings XI Punjab,Rajasthan Royals,Rajasthan Royals,field,Kings XI Punjab
Indian Premier League,2019,5,2019-03-26,Delhi,Arun Jaitley Stadium,Delhi Capitals,Chennai Super Kings,Delhi Capitals,bat,Chennai Super Kings
Indian Premier League,2019,6,2019-03-27,Kolkata,Eden Gardens,Kolkata Knight Riders,Kings XI Punjab,Kings XI Punjab,field,Kolkata Knight Riders
Indian Premier League,2019,7,2019-03-28,Bengaluru,M.Chinnaswamy Stadium,Mumbai Indians,Royal Challengers Bangalore,Royal Challengers Bangalore,field,Mumbai Indians
Indian Premier League,2019,8,2019-03-29,Hyderabad,Rajiv Gandhi International Stadium,Rajasthan Royals,Sunrisers Hyderabad,Rajasthan Royals,bat,Sunrisers Hyderabad
Indian Premier League,2019,9,2019-03-30,Chandigarh,Punjab Cricket Association IS Bindra Stadium,Mumbai Indians,Kings XI Punjab,Kings XI Punjab,field,Kings XI Punjab
Indian Premier League,2019,10,2019-03-30,Delhi,Arun Jaitley Stadium,Kolkata Knight Riders,Delhi Capitals,Delhi Capitals,field,None
Indian Premier League,2019,11,2019-03-31,Hyderabad,Rajiv Gandhi International Stadium,Sunrisers Hyderabad,Royal Challengers Bangalore,Royal Challengers Bangalore,field,Sunrisers Hyderabad
Indian Premier League,2019,12,2019-03-31,Chennai,MA Chidambaram Stadium,Chennai Super Kings,Rajasthan Royals,Rajasthan Royals,field,Chennai Super Kings
Indian Premier League,2019,13,2019-04-01,Chandigarh,Punjab Cricket Association IS Bindra Stadium,Kings XI Punjab,Delhi Capitals,Delhi Capitals,field,Kings XI Punjab
Indian Premier League,2019,14,2019-04-02,Jaipur,Sawai Mansingh Stadium,Royal Challengers Bangalore,Rajasthan Royals,Rajasthan Royals,field,Rajasthan Royals
Indian Premier League,2019,15,2019-04-03,Mumbai,Wankhede Stadium,Mumbai Indians,Chennai Super Kings,Chennai Super Kings,field,Mumbai Indians
Indian Premier League,2019,16,2019-04-04,Delhi,Arun Jaitley Stadium,Delhi Capitals,Sunrisers Hyderabad,Sunrisers Hyderabad,field,Sunrisers Hyderabad
Indian Premier League,2019,17,2019-04-05,Bengaluru,M.Chinnaswamy Stadium,Royal Challengers Bangalore,Kolkata Knight Riders,Kolkata Knight Riders,field,Kolkata Knight Riders
Indian Premier League,2019,18,2019-04-06,Chennai,MA Chidambaram Stadium,Chennai Super Kings,Kings XI Punjab,Chennai Super Kings,bat,Chennai Super Kings
Indian Premier League,2019,19,2019-04-06,Hyderabad,Rajiv Gandhi International Stadium,Mumbai Indians,Sunrisers Hyderabad,Sunrisers Hyderabad,field,Mumbai Indians
Indian Premier League,2019,20,2019-04-07,Bengaluru,M.Chinnaswamy Stadium,Royal Challengers Bangalore,Delhi Capitals,Delhi Capitals,field,Delhi Capitals
Indian Premier League,2019,21,2019-04-07,Jaipur,Sawai Mansingh Stadium,Rajasthan Royals,Kolkata Knight Riders,Kolkata Knight Riders,field,Kolkata Knight Riders
Indian Premier League,2019,22,2019-04-08,Chandigarh,Punjab Cricket Association IS Bindra Stadium,Sunrisers Hyderabad,Kings XI Punjab,Kings XI Punjab,field,Kings XI Punjab
Indian Premier League,2019,23,2019-04-09,Chennai,MA Chidambaram Stadium,Kolkata Knight Riders,Chennai Super Kings,Chennai Super Kings,field,Chennai Super Kings
Indian Premier League,2019,24,2019-04-10,Mumbai,Wankhede Stadium,Kings XI Punjab,Mumbai Indians,Mumbai Indians,field,Mumbai Indians
Indian Premier League,2019,25,2019-04-11,Jaipur,Sawai Mansingh Stadium,Rajasthan Royals,Chennai Super Kings,Chennai Super Kings,field,Chennai Super Kings
Indian Premier League,2019,26,2019-04-12,Kolkata,Eden Gardens,Kolkata Knight Riders,Delhi Capitals,Delhi Capitals,field,Delhi Capitals
Indian Premier League,2019,27,2019-04-13,Mumbai,Wankhede Stadium,Mumbai Indians,Rajasthan Royals,Rajasthan Royals,field,Rajasthan Royals
Indian Premier League,2019,28,2019-04-13,Chandigarh,Punjab Cricket Association IS Bindra Stadium,Kings XI Punjab,Royal Challengers Bangalore,Royal Challengers Bangalore,field,Royal Challengers Bangalore
Indian Premier League,2019,29,2019-04-14,Kolkata,Eden Gardens,Kolkata Knight Riders,Chennai Super Kings,Chennai Super Kings,field,Chennai Super Kings
Indian Premier League,2019,30,2019-04-14,Hyderabad,Rajiv Gandhi International Stadium,Delhi Capitals,Sunrisers Hyderabad,Sunrisers Hyderabad,field,Delhi Capitals
Indian Premier League,2019,31,2019-04-15,Mumbai,Wankhede Stadium,Royal Challengers Bangalore,Mumbai Indians,Mumbai Indians,field,Mumbai Indians
Indian Premier League,2019,32,2019-04-16,Chandigarh,Punjab Cricket Association IS Bindra Stadium,Kings XI Punjab,Rajasthan Royals,Rajasthan Royals,field,Kings XI Punjab
Indian Premier League,2019,33,2019-04-17,Hyderabad,Rajiv Gandhi International Stadium,Chennai Super Kings,Sunrisers Hyderabad,Chennai Super Kings,bat,Sunrisers Hyderabad
Indian Premier League,2019,34,2019-04-18,Delhi,Arun Jaitley Stadium,Mumbai Indians,Delhi Capitals,Mumbai Indians,bat,Mumbai Indians
Indian Premier League,2019,35,2019-04-19,Kolkata,Eden Gardens,Royal Challengers Bangalore,Kolkata Knight Riders,Kolkata Knight Riders,field,Royal Challengers Bangalore
Indian Premier League,2019,36,2019-04-20,Jaipur,Sawai Mansingh Stadium,Mumbai Indians,Rajasthan Royals,Rajasthan Royals,field,Rajasthan Royals
Indian Premier League,2019,37,2019-04-20,Delhi,Arun Jaitley Stadium,Kings XI Punjab,Delhi Capitals,Delhi Capitals,field,Delhi Capitals
Indian Premier League,2019,38,2019-04-21,Hyderabad,Rajiv Gandhi International Stadium,Kolkata Knight Riders,Sunrisers Hyderabad,Sunrisers Hyderabad,field,Sunrisers Hyderabad
Indian Premier League,2019,39,2019-04-21,Bengaluru,M.Chinnaswamy Stadium,Royal Challengers Bangalore,Chennai Super Kings,Chennai Super Kings,field,Royal Challengers Bangalore
Indian Premier League,2019,40,2019-04-22,Jaipur,Sawai Mansingh Stadium,Rajasthan Royals,Delhi Capitals,Delhi Capitals,field,Delhi Capitals
Indian Premier League,2019,41,2019-04-23,Chennai,MA Chidambaram Stadium,Sunrisers Hyderabad,Chennai Super Kings,Chennai Super Kings,field,Chennai Super Kings
Indian Premier League,2019,42,2019-04-24,Bengaluru,M.Chinnaswamy Stadium,Royal Challengers Bangalore,Kings XI Punjab,Kings XI Punjab,field,Royal Challengers Bangalore
Indian Premier League,2019,43,2019-04-25,Kolkata,Eden Gardens,Kolkata Knight Riders,Rajasthan Royals,Rajasthan Royals,field,Rajasthan Royals
Indian Premier League,2019,44,2019-04-26,Chennai,MA Chidambaram Stadium,Mumbai Indians,Chennai Super Kings,Chennai Super Kings,field,Mumbai Indians
Indian Premier League,2019,45,2019-04-27,Jaipur,Sawai Mansingh Stadium,Sunrisers Hyderabad,Rajasthan Royals,Rajasthan Royals,field,Rajasthan Royals
Indian Premier League,2019,46,2019-04-28,Delhi,Arun Jaitley Stadium,Delhi Capitals,Royal Challengers Bangalore,Delhi Capitals,bat,Delhi Capitals
Indian Premier League,2019,47,2019-04-28,Kolkata,Eden Gardens,Kolkata Knight Riders,Mumbai Indians,Mumbai Indians,field,Kolkata Knight Riders
Indian Premier League,2019,48,2019-04-29,Hyderabad,Rajiv Gandhi International Stadium,Sunrisers Hyderabad,Kings XI Punjab,Kings XI Punjab,field,Sunrisers Hyderabad
Indian Premier League,2019,49,2019-04-30,Bengaluru,M.Chinnaswamy Stadium,Royal Challengers Bangalore,Rajasthan Royals,Rajasthan Royals,field,None
Indian Premier League,2019,50,2019-05-01,Chennai,MA Chidambaram Stadium,Chennai Super Kings,Delhi Capitals,Delhi Capitals,field,Chennai Super Kings
Indian Premier League,2019,51,2019-05-02,Mumbai,Wankhede Stadium,Mumbai Indians,Sunrisers Hyderabad,Mumbai Indians,bat,None
Indian Premier League,2019,52,2019-05-03,Chandigarh,Punjab Cricket Association IS Bindra Stadium,Kings XI Punjab,Kolkata Knight Riders,Kolkata Knight Riders,field,Kolkata Knight Riders
Indian Premier League,2019,53,2019-05-04,Delhi,Arun Jaitley Stadium,Rajasthan Royals,Delhi Capitals,Rajasthan Royals,bat,Delhi Capitals
Indian Premier League,2019,54,2019-05-04,Bengaluru,M.Chinnaswamy Stadium,Sunrisers Hyderabad,Royal Challengers Bangalore,Royal Challengers Bangalore,field,Royal Challengers Bangalore
Indian Premier League,2019,55,2019-05-05,Chandigarh,Punjab Cricket Association IS Bindra Stadium,Chennai Super Kings,Kings XI Punjab,Kings XI Punjab,field,Kings XI Punjab
Indian Premier League,2019,56,2019-05-05,Mumbai,Wankhede Stadium,Kolkata Knight Riders,Mumbai Indians,Mumbai Indians,field,Mumbai Indians
Indian Premier League,2019,N/A,2019-05-07,Chennai,MA Chidambaram Stadium,Chennai Super Kings,Mumbai Indians,Chennai Super Kings,bat,Mumbai Indians
Indian Premier League,2019,N/A,2019-05-08,Visakhapatnam,Dr. Y.S. Rajasekhara Reddy ACA-VDCA Cricket Stadium,Sunrisers Hyderabad,Delhi Capitals,Delhi Capitals,field,Delhi Capitals
Indian Premier League,2019,N/A,2019-05-10,Visakhapatnam,Dr. Y.S. Rajasekhara Reddy ACA-VDCA Cricket Stadium,Delhi Capitals,Chennai Super Kings,Chennai Super Kings,field,Chennai Super Kings
Indian Premier League,2019,N/A,2019-05-12,Hyderabad,Rajiv Gandhi International Stadium,Mumbai Indians,Chennai Super Kings,Mumbai Indians,bat,Mumbai Indians
Indian Premier League,2020/21,1,2020-09-19,Abu Dhabi,Sheikh Zayed Stadium,Mumbai Indians,Chennai Super Kings,Chennai Super Kings,field,Chennai Super Kings
Indian Premier League,2020/21,2,2020-09-20,Unknown,Dubai International Cricket Stadium,Delhi Capitals,Kings XI Punjab,Kings XI Punjab,field,None
Indian Premier League,2020/21,3,2020-09-21,Unknown,Dubai International Cricket Stadium,Royal Challengers Bangalore,Sunrisers Hyderabad,Sunrisers Hyderabad,field,Royal Challengers Bangalore
Indian Premier League,2020/21,4,2020-09-22,Unknown,Sharjah Cricket Stadium,Rajasthan Royals,Chennai Super Kings,Chennai Super Kings,field,Rajasthan Royals
Indian Premier League,2020/21,5,2020-09-23,Abu Dhabi,Sheikh Zayed Stadium,Mumbai Indians,Kolkata Knight Riders,Kolkata Knight Riders,field,Mumbai Indians
Indian Premier League,2020/21,6,2020-09-24,Unknown,Dubai International Cricket Stadium,Kings XI Punjab,Royal Challengers Bangalore,Royal Challengers Bangalore,field,Kings XI Punjab
Indian Premier League,2020/21,7,2020-09-25,Unknown,Dubai International Cricket Stadium,Delhi Capitals,Chennai Super Kings,Chennai Super Kings,field,Delhi Capitals
Indian Premier League,2020/21,8,2020-09-26,Abu Dhabi,Sheikh Zayed Stadium,Sunrisers Hyderabad,Kolkata Knight Riders,Sunrisers Hyderabad,bat,Kolkata Knight Riders
Indian Premier League,2020/21,9,2020-09-27,Unknown,Sharjah Cricket Stadium,Kings XI Punjab,Rajasthan Royals,Rajasthan Royals,field,Rajasthan Royals
Indian Premier League,2020/21,10,2020-09-28,Unknown,Dubai International Cricket Stadium,Royal Challengers Bangalore,Mumbai Indians,Mumbai Indians,field,None
Indian Premier League,2020/21,11,2020-09-29,Abu Dhabi,Sheikh Zayed Stadium,Sunrisers Hyderabad,Delhi Capitals,Delhi Capitals,field,Sunrisers Hyderabad
Indian Premier League,2020/21,12,2020-09-30,Unknown,Dubai International Cricket Stadium,Kolkata Knight Riders,Rajasthan Royals,Rajasthan Royals,field,Kolkata Knight Riders
Indian Premier League,2020/21,13,2020-10-01,Abu Dhabi,Sheikh Zayed Stadium,Mumbai Indians,Kings XI Punjab,Kings XI Punjab,field,Mumbai Indians
Indian Premier League,2020/21,14,2020-10-02,Unknown,Dubai International Cricket Stadium,Sunrisers Hyderabad,Chennai Super Kings,Sunrisers Hyderabad,bat,Sunrisers Hyderabad
Indian Premier League,2020/21,15,2020-10-03,Abu Dhabi,Sheikh Zayed Stadium,Rajasthan Royals,Royal Challengers Bangalore,Rajasthan Royals,bat,Royal Challengers Bangalore
Indian Premier League,2020/21,16,2020-10-03,Unknown,Sharjah Cricket Stadium,Delhi Capitals,Kolkata Knight Riders,Kolkata Knight Riders,field,Delhi Capitals
Indian Premier League,2020/21,17,2020-10-04,Unknown,Sharjah Cricket Stadium,Mumbai Indians,Sunrisers Hyderabad,Mumbai Indians,bat,Mumbai Indians
Indian Premier League,2020/21,18,2020-10-04,Unknown,Dubai International Cricket Stadium,Kings XI Punjab,Chennai Super Kings,Kings XI Punjab,bat,Chennai Super Kings
Indian Premier League,2020/21,19,2020-10-05,Unknown,Dubai International Cricket Stadium,Delhi Capitals,Royal Challengers Bangalore,Royal Challengers Bangalore,field,Delhi Capitals
Indian Premier League,2020/21,20,2020-10-06,Abu Dhabi,Sheikh Zayed Stadium,Mumbai Indians,Rajasthan Royals,Mumbai Indians,bat,Mumbai Indians
Indian Premier League,2020/21,21,2020-10-07,Abu Dhabi,Sheikh Zayed Stadium,Kolkata Knight Riders,Chennai Super Kings,Kolkata Knight Riders,bat,Kolkata Knight Riders
Indian Premier League,2020/21,22,2020-10-08,Unknown,Dubai International Cricket Stadium,Sunrisers Hyderabad,Kings XI Punjab,Sunrisers Hyderabad,bat,Sunrisers Hyderabad
Indian Premier League,2020/21,23,2020-10-09,Unknown,Sharjah Cricket Stadium,Delhi Capitals,Rajasthan Royals,Rajasthan Royals,field,Delhi Capitals
Indian Premier League,2020/21,24,2020-10-10,Abu Dhabi,Sheikh Zayed Stadium,Kolkata Knight Riders,Kings XI Punjab,Kolkata Knight Riders,bat,Kolkata Knight Riders
Indian Premier League,2020/21,25,2020-10-10,Unknown,Dubai International Cricket Stadium,Royal Challengers Bangalore,Chennai Super Kings,Royal Challengers Bangalore,bat,Royal Challengers Bangalore
Indian Premier League,2020/21,26,2020-10-11,Unknown,Dubai International Cricket Stadium,Sunrisers Hyderabad,Rajasthan Royals,Sunrisers Hyderabad,bat,Rajasthan Royals
Indian Premier League,2020/21,27,2020-10-11,Abu Dhabi,Sheikh Zayed Stadium,Delhi Capitals,Mumbai Indians,Delhi Capitals,bat,Mumbai Indians
Indian Premier League,2020/21,28,2020-10-12,Unknown,Sharjah Cricket Stadium,Royal Challengers Bangalore,Kolkata Knight Riders,Royal Challengers Bangalore,bat,Royal Challengers Bangalore
Indian Premier League,2020/21,29,2020-10-13,Unknown,Dubai International Cricket Stadium,Chennai Super Kings,Sunrisers Hyderabad,Chennai Super Kings,bat,Chennai Super Kings
Indian Premier League,2020/21,30,2020-10-14,Unknown,Dubai International Cricket Stadium,Delhi Capitals,Rajasthan Royals,Delhi Capitals,bat,Delhi Capitals
Indian Premier League,2020/21,31,2020-10-15,Unknown,Sharjah Cricket Stadium,Royal Challengers Bangalore,Kings XI Punjab,Royal Challengers Bangalore,bat,Kings XI Punjab
Indian Premier League,2020/21,32,2020-10-16,Abu Dhabi,Sheikh Zayed Stadium,Kolkata Knight Riders,Mumbai Indians,Kolkata Knight Riders,bat,Mumbai Indians
Indian Premier League,2020/21,33,2020-10-17,Unknown,Dubai International Cricket Stadium,Rajasthan Royals,Royal Challengers Bangalore,Rajasthan Royals,bat,Royal Challengers Bangalore
Indian Premier League,2020/21,34,2020-10-17,Unknown,Sharjah Cricket Stadium,Chennai Super Kings,Delhi Capitals,Chennai Super Kings,bat,Delhi Capitals
Indian Premier League,2020/21,35,2020-10-18,Abu Dhabi,Sheikh Zayed Stadium,Kolkata Knight Riders,Sunrisers Hyderabad,Sunrisers Hyderabad,field,None
Indian Premier League,2020/21,36,2020-10-18,Unknown,Dubai International Cricket Stadium,Mumbai Indians,Kings XI Punjab,Mumbai Indians,bat,None
Indian Premier League,2020/21,37,2020-10-19,Abu Dhabi,Sheikh Zayed Stadium,Chennai Super Kings,Rajasthan Royals,Chennai Super Kings,bat,Rajasthan Royals
Indian Premier League,2020/21,38,2020-10-20,Unknown,Dubai International Cricket Stadium,Delhi Capitals,Kings XI Punjab,Delhi Capitals,bat,Kings XI Punjab
Indian Premier League,2020/21,39,2020-10-21,Abu Dhabi,Sheikh Zayed Stadium,Kolkata Knight Riders,Royal Challengers Bangalore,Kolkata Knight Riders,bat,Royal Challengers Bangalore
Indian Premier League,2020/21,40,2020-10-22,Unknown,Dubai International Cricket Stadium,Rajasthan Royals,Sunrisers Hyderabad,Sunrisers Hyderabad,field,Sunrisers Hyderabad
Indian Premier League,2020/21,41,2020-10-23,Unknown,Sharjah Cricket Stadium,Chennai Super Kings,Mumbai Indians,Mumbai Indians,field,Mumbai Indians
Indian Premier League,2020/21,42,2020-10-24,Abu Dhabi,Sheikh Zayed Stadium,Kolkata Knight Riders,Delhi Capitals,Delhi Capitals,field,Kolkata Knight Riders
Indian Premier League,2020/21,43,2020-10-24,Unknown,Dubai International Cricket Stadium,Kings XI Punjab,Sunrisers Hyderabad,Sunrisers Hyderabad,field,Kings XI Punjab
Indian Premier League,2020/21,44,2020-10-25,Unknown,Dubai International Cricket Stadium,Royal Challengers Bangalore,Chennai Super Kings,Royal Challengers Bangalore,bat,Chennai Super Kings
Indian Premier League,2020/21,45,2020-10-25,Abu Dhabi,Sheikh Zayed Stadium,Mumbai Indians,Rajasthan Royals,Mumbai Indians,bat,Rajasthan Royals
Indian Premier League,2020/21,46,2020-10-26,Unknown,Sharjah Cricket Stadium,Kolkata Knight Riders,Kings XI Punjab,Kings XI Punjab,field,Kings XI Punjab
Indian Premier League,2020/21,47,2020-10-27,Unknown,Dubai International Cricket Stadium,Sunrisers Hyderabad,Delhi Capitals,Delhi Capitals,field,Sunrisers Hyderabad
Indian Premier League,2020/21,48,2020-10-28,Abu Dhabi,Sheikh Zayed Stadium,Royal Challengers Bangalore,Mumbai Indians,Mumbai Indians,field,Mumbai Indians
Indian Premier League,2020/21,49,2020-10-29,Unknown,Dubai International Cricket Stadium,Kolkata Knight Riders,Chennai Super Kings,Chennai Super Kings,field,Chennai Super Kings
Indian Premier League,2020/21,50,2020-10-30,Abu Dhabi,Sheikh Zayed Stadium,Kings XI Punjab,Rajasthan Royals,Rajasthan Royals,field,Rajasthan Royals
Indian Premier League,2020/21,51,2020-10-31,Unknown,Dubai International Cricket Stadium,Delhi Capitals,Mumbai Indians,Mumbai Indians,field,Mumbai Indians
Indian Premier League,2020/21,52,2020-10-31,Unknown,Sharjah Cricket Stadium,Royal Challengers Bangalore,Sunrisers Hyderabad,Sunrisers Hyderabad,field,Sunrisers Hyderabad
Indian Premier League,2020/21,53,2020-11-01,Abu Dhabi,Sheikh Zayed Stadium,Kings XI Punjab,Chennai Super Kings,Chennai Super Kings,field,Chennai Super Kings
Indian Premier League,2020/21,54,2020-11-01,Unknown,Dubai International Cricket Stadium,Kolkata Knight Riders,Rajasthan Royals,Rajasthan Royals,field,Kolkata Knight Riders
Indian Premier League,2020/21,55,2020-11-02,Abu Dhabi,Sheikh Zayed Stadium,Royal Challengers Bangalore,Delhi Capitals,Delhi Capitals,field,Delhi Capitals
Indian Premier League,2020/21,56,2020-11-03,Unknown,Sharjah Cricket Stadium,Mumbai Indians,Sunrisers Hyderabad,Sunrisers Hyderabad,field,Sunrisers Hyderabad
Indian Premier League,2020/21,N/A,2020-11-05,Unknown,Dubai International Cricket Stadium,Mumbai Indians,Delhi Capitals,Delhi Capitals,field,Mumbai Indians
Indian Premier League,2020/21,N/A,2020-11-06,Abu Dhabi,Sheikh Zayed Stadium,Royal Challengers Bangalore,Sunrisers Hyderabad,Sunrisers Hyderabad,field,Sunrisers Hyderabad
Indian Premier League,2020/21,N/A,2020-11-08,Abu Dhabi,Sheikh Zayed Stadium,Delhi Capitals,Sunrisers Hyderabad,Delhi Capitals,bat,Delhi Capitals
Indian Premier League,2020/21,N/A,2020-11-10,Unknown,Dubai International Cricket Stadium,Delhi Capitals,Mumbai Indians,Delhi Capitals,bat,Mumbai Indians
Indian Premier League,2021,1,2021-04-09,Chennai,"MA Chidambaram Stadium, Chepauk, Chennai",Mumbai Indians,Royal Challengers Bangalore,Royal Challengers Bangalore,field,Royal Challengers Bangalore
Indian Premier League,2021,2,2021-04-10,Mumbai,"Wankhede Stadium, Mumbai",Chennai Super Kings,Delhi Capitals,Delhi Capitals,field,Delhi Capitals
Indian Premier League,2021,3,2021-04-11,Chennai,"MA Chidambaram Stadium, Chepauk, Chennai",Kolkata Knight Riders,Sunrisers Hyderabad,Sunrisers Hyderabad,field,Kolkata Knight Riders
Indian Premier League,2021,4,2021-04-12,Mumbai,"Wankhede Stadium, Mumbai",Punjab Kings,Rajasthan Royals,Rajasthan Royals,field,Punjab Kings
Indian Premier League,2021,5,2021-04-13,Chennai,"MA Chidambaram Stadium, Chepauk, Chennai",Mumbai Indians,Kolkata Knight Riders,Kolkata Knight Riders,field,Mumbai Indians
Indian Premier League,2021,6,2021-04-14,Chennai,"MA Chidambaram Stadium, Chepauk, Chennai",Royal Challengers Bangalore,Sunrisers Hyderabad,Sunrisers Hyderabad,field,Royal Challengers Bangalore
Indian Premier League,2021,7,2021-04-15,Mumbai,"Wankhede Stadium, Mumbai",Delhi Capitals,Rajasthan Royals,Rajasthan Royals,field,Rajasthan Royals
Indian Premier League,2021,8,2021-04-16,Mumbai,"Wankhede Stadium, Mumbai",Punjab Kings,Chennai Super Kings,Chennai Super Kings,field,Chennai Super Kings
Indian Premier League,2021,9,2021-04-17,Chennai,"MA Chidambaram Stadium, Chepauk, Chennai",Mumbai Indians,Sunrisers Hyderabad,Mumbai Indians,bat,Mumbai Indians
Indian Premier League,2021,10,2021-04-18,Chennai,"MA Chidambaram Stadium, Chepauk, Chennai",Royal Challengers Bangalore,Kolkata Knight Riders,Royal Challengers Bangalore,bat,Royal Challengers Bangalore
Indian Premier League,2021,11,2021-04-18,Mumbai,"Wankhede Stadium, Mumbai",Punjab Kings,Delhi Capitals,Delhi Capitals,field,Delhi Capitals
Indian Premier League,2021,12,2021-04-19,Mumbai,"Wankhede Stadium, Mumbai",Chennai Super Kings,Rajasthan Royals,Rajasthan Royals,field,Chennai Super Kings
Indian Premier League,2021,13,2021-04-20,Chennai,"MA Chidambaram Stadium, Chepauk, Chennai",Mumbai Indians,Delhi Capitals,Mumbai Indians,bat,Delhi Capitals
Indian Premier League,2021,14,2021-04-21,Chennai,"MA Chidambaram Stadium, Chepauk, Chennai",Punjab Kings,Sunrisers Hyderabad,Punjab Kings,bat,Sunrisers Hyderabad
Indian Premier League,2021,15,2021-04-21,Mumbai,"Wankhede Stadium, Mumbai",Chennai Super Kings,Kolkata Knight Riders,Kolkata Knight Riders,field,Chennai Super Kings
Indian Premier League,2021,16,2021-04-22,Mumbai,"Wankhede Stadium, Mumbai",Rajasthan Royals,Royal Challengers Bangalore,Royal Challengers Bangalore,field,Royal Challengers Bangalore
Indian Premier League,2021,17,2021-04-23,Chennai,"MA Chidambaram Stadium, Chepauk, Chennai",Mumbai Indians,Punjab Kings,Punjab Kings,field,Punjab Kings
Indian Premier League,2021,18,2021-04-24,Mumbai,"Wankhede Stadium, Mumbai",Kolkata Knight Riders,Rajasthan Royals,Rajasthan Royals,field,Rajasthan Royals
Indian Premier League,2021,19,2021-04-25,Mumbai,"Wankhede Stadium, Mumbai",Chennai Super Kings,Royal Challengers Bangalore,Chennai Super Kings,bat,Chennai Super Kings
Indian Premier League,2021,20,2021-04-25,Chennai,"MA Chidambaram Stadium, Chepauk, Chennai",Delhi Capitals,Sunrisers Hyderabad,Delhi Capitals,bat,None
Indian Premier League,2021,21,2021-04-26,Ahmedabad,"Narendra Modi Stadium, Ahmedabad",Punjab Kings,Kolkata Knight Riders,Kolkata Knight Riders,field,Kolkata Knight Riders
Indian Premier League,2021,22,2021-04-27,Ahmedabad,"Narendra Modi Stadium, Ahmedabad",Royal Challengers Bangalore,Delhi Capitals,Delhi Capitals,field,Royal Challengers Bangalore
Indian Premier League,2021,23,2021-04-28,Delhi,"Arun Jaitley Stadium, Delhi",Sunrisers Hyderabad,Chennai Super Kings,Sunrisers Hyderabad,bat,Chennai Super Kings
Indian Premier League,2021,24,2021-04-29,Delhi,"Arun Jaitley Stadium, Delhi",Rajasthan Royals,Mumbai Indians,Mumbai Indians,field,Mumbai Indians
Indian Premier League,2021,25,2021-04-29,Ahmedabad,"Narendra Modi Stadium, Ahmedabad",Kolkata Knight Riders,Delhi Capitals,Delhi Capitals,field,Delhi Capitals
Indian Premier League,2021,26,2021-04-30,Ahmedabad,"Narendra Modi Stadium, Ahmedabad",Punjab Kings,Royal Challengers Bangalore,Royal Challengers Bangalore,field,Punjab Kings
Indian Premier League,2021,27,2021-05-01,Delhi,"Arun Jaitley Stadium, Delhi",Chennai Super Kings,Mumbai Indians,Mumbai Indians,field,Mumbai Indians
Indian Premier League,2021,28,2021-05-02,Delhi,"Arun Jaitley Stadium, Delhi",Rajasthan Royals,Sunrisers Hyderabad,Sunrisers Hyderabad,field,Rajasthan Royals
Indian Premier League,2021,29,2021-05-02,Ahmedabad,"Narendra Modi Stadium, Ahmedabad",Punjab Kings,Delhi Capitals,Delhi Capitals,field,Delhi Capitals
Indian Premier League,2021,30,2021-09-19,Dubai,Dubai International Cricket Stadium,Chennai Super Kings,Mumbai Indians,Chennai Super Kings,bat,Chennai Super Kings
Indian Premier League,2021,31,2021-09-20,Abu Dhabi,"Zayed Cricket Stadium, Abu Dhabi",Royal Challengers Bangalore,Kolkata Knight Riders,Royal Challengers Bangalore,bat,Kolkata Knight Riders
Indian Premier League,2021,32,2021-09-21,Dubai,Dubai International Cricket Stadium,Rajasthan Royals,Punjab Kings,Punjab Kings,field,Rajasthan Royals
Indian Premier League,2021,33,2021-09-22,Dubai,Dubai International Cricket Stadium,Sunrisers Hyderabad,Delhi Capitals,Sunrisers Hyderabad,bat,Delhi Capitals
Indian Premier League,2021,34,2021-09-23,Abu Dhabi,"Zayed Cricket Stadium, Abu Dhabi",Mumbai Indians,Kolkata Knight Riders,Kolkata Knight Riders,field,Kolkata Knight Riders
Indian Premier League,2021,35,2021-09-24,Sharjah,Sharjah Cricket Stadium,Royal Challengers Bangalore,Chennai Super Kings,Chennai Super Kings,field,Chennai Super Kings
Indian Premier League,2021,36,2021-09-25,Abu Dhabi,"Zayed Cricket Stadium, Abu Dhabi",Delhi Capitals,Rajasthan Royals,Rajasthan Royals,field,Delhi Capitals
Indian Premier League,2021,37,2021-09-25,Sharjah,Sharjah Cricket Stadium,Punjab Kings,Sunrisers Hyderabad,Sunrisers Hyderabad,field,Punjab Kings
Indian Premier League,2021,38,2021-09-26,Abu Dhabi,"Zayed Cricket Stadium, Abu Dhabi",Kolkata Knight Riders,Chennai Super Kings,Kolkata Knight Riders,bat,Chennai Super Kings
Indian Premier League,2021,39,2021-09-26,Dubai,Dubai International Cricket Stadium,Royal Challengers Bangalore,Mumbai Indians,Mumbai Indians,field,Royal Challengers Bangalore
Indian Premier League,2021,40,2021-09-27,Dubai,Dubai International Cricket Stadium,Rajasthan Royals,Sunrisers Hyderabad,Rajasthan Royals,bat,Sunrisers Hyderabad
Indian Premier League,2021,41,2021-09-28,Sharjah,Sharjah Cricket Stadium,Delhi Capitals,Kolkata Knight Riders,Kolkata Knight Riders,field,Kolkata Knight Riders
Indian Premier League,2021,42,2021-09-28,Abu Dhabi,"Zayed Cricket Stadium, Abu Dhabi",Punjab Kings,Mumbai Indians,Mumbai Indians,field,Mumbai Indians
Indian Premier League,2021,43,2021-09-29,Dubai,Dubai International Cricket Stadium,Rajasthan Royals,Royal Challengers Bangalore,Royal Challengers Bangalore,field,Royal Challengers Bangalore
Indian Premier League,2021,44,2021-09-30,Sharjah,Sharjah Cricket Stadium,Sunrisers Hyderabad,Chennai Super Kings,Chennai Super Kings,field,Chennai Super Kings
Indian Premier League,2021,45,2021-10-01,Dubai,Dubai International Cricket Stadium,Kolkata Knight Riders,Punjab Kings,Punjab Kings,field,Punjab Kings
Indian Premier League,2021,46,2021-10-02,Sharjah,Sharjah Cricket Stadium,Mumbai Indians,Delhi Capitals,Delhi Capitals,field,Delhi Capitals
Indian Premier League,2021,47,2021-10-02,Abu Dhabi,"Zayed Cricket Stadium, Abu Dhabi",Chennai Super Kings,Rajasthan Royals,Rajasthan Royals,field,Rajasthan Royals
Indian Premier League,2021,48,2021-10-03,Sharjah,Sharjah Cricket Stadium,Royal Challengers Bangalore,Punjab Kings,Royal Challengers Bangalore,bat,Royal Challengers Bangalore
Indian Premier League,2021,49,2021-10-03,Dubai,Dubai International Cricket Stadium,Sunrisers Hyderabad,Kolkata Knight Riders,Sunrisers Hyderabad,bat,Kolkata Knight Riders
Indian Premier League,2021,50,2021-10-04,Dubai,Dubai International Cricket Stadium,Chennai Super Kings,Delhi Capitals,Delhi Capitals,field,Delhi Capitals
Indian Premier League,2021,51,2021-10-05,Sharjah,Sharjah Cricket Stadium,Rajasthan Royals,Mumbai Indians,Mumbai Indians,field,Mumbai Indians
Indian Premier League,2021,52,2021-10-06,Abu Dhabi,"Zayed Cricket Stadium, Abu Dhabi",Sunrisers Hyderabad,Royal Challengers Bangalore,Royal Challengers Bangalore,field,Sunrisers Hyderabad
Indian Premier League,2021,53,2021-10-07,Dubai,Dubai International Cricket Stadium,Chennai Super Kings,Punjab Kings,Punjab Kings,field,Punjab Kings
Indian Premier League,2021,54,2021-10-07,Sharjah,Sharjah Cricket Stadium,Kolkata Knight Riders,Rajasthan Royals,Rajasthan Royals,field,Kolkata Knight Riders
Indian Premier League,2021,55,2021-10-08,Abu Dhabi,"Zayed Cricket Stadium, Abu Dhabi",Mumbai Indians,Sunrisers Hyderabad,Mumbai Indians,bat,Mumbai Indians
Indian Premier League,2021,56,2021-10-08,Dubai,Dubai International Cricket Stadium,Delhi Capitals,Royal Challengers Bangalore,Royal Challengers Bangalore,field,Royal Challengers Bangalore
Indian Premier League,2021,N/A,2021-10-10,Dubai,Dubai International Cricket Stadium,Delhi Capitals,Chennai Super Kings,Chennai Super Kings,field,Chennai Super Kings
Indian Premier League,2021,N/A,2021-10-11,Sharjah,Sharjah Cricket Stadium,Royal Challengers Bangalore,Kolkata Knight Riders,Royal Challengers Bangalore,bat,Kolkata Knight Riders
Indian Premier League,2021,N/A,2021-10-13,Sharjah,Sharjah Cricket Stadium,Delhi Capitals,Kolkata Knight Riders,Kolkata Knight Riders,field,Kolkata Knight Riders
Indian Premier League,2021,N/A,2021-10-15,Dubai,Dubai International Cricket Stadium,Chennai Super Kings,Kolkata Knight Riders,Kolkata Knight Riders,field,Chennai Super Kings
Indian Premier League,2022,1,2022-03-26,Mumbai,"Wankhede Stadium, Mumbai",Chennai Super Kings,Kolkata Knight Riders,Kolkata Knight Riders,field,Kolkata Knight Riders
Indian Premier League,2022,2,2022-03-27,Mumbai,"Brabourne Stadium, Mumbai",Mumbai Indians,Delhi Capitals,Delhi Capitals,field,Delhi Capitals
Indian Premier League,2022,3,2022-03-27,Mumbai,"Dr DY Patil Sports Academy, Mumbai",Royal Challengers Bangalore,Punjab Kings,Punjab Kings,field,Punjab Kings
Indian Premier League,2022,4,2022-03-28,Mumbai,"Wankhede Stadium, Mumbai",Lucknow Super Giants,Gujarat Titans,Gujarat Titans,field,Gujarat Titans
Indian Premier League,2022,5,2022-03-29,Pune,"Maharashtra Cricket Association Stadium, Pune",Rajasthan Royals,Sunrisers Hyderabad,Sunrisers Hyderabad,field,Rajasthan Royals
Indian Premier League,2022,6,2022-03-30,Mumbai,"Dr DY Patil Sports Academy, Mumbai",Kolkata Knight Riders,Royal Challengers Bangalore,Royal Challengers Bangalore,field,Royal Challengers Bangalore
Indian Premier League,2022,7,2022-03-31,Mumbai,"Brabourne Stadium, Mumbai",Chennai Super Kings,Lucknow Super Giants,Lucknow Super Giants,field,Lucknow Super Giants
Indian Premier League,2022,8,2022-04-01,Mumbai,"Wankhede Stadium, Mumbai",Punjab Kings,Kolkata Knight Riders,Kolkata Knight Riders,field,Kolkata Knight Riders
Indian Premier League,2022,9,2022-04-02,Mumbai,"Dr DY Patil Sports Academy, Mumbai",Rajasthan Royals,Mumbai Indians,Mumbai Indians,field,Rajasthan Royals
Indian Premier League,2022,10,2022-04-02,Pune,"Maharashtra Cricket Association Stadium, Pune",Gujarat Titans,Delhi Capitals,Delhi Capitals,field,Gujarat Titans
Indian Premier League,2022,11,2022-04-03,Mumbai,"Brabourne Stadium, Mumbai",Punjab Kings,Chennai Super Kings,Chennai Super Kings,field,Punjab Kings
Indian Premier League,2022,12,2022-04-04,Mumbai,"Dr DY Patil Sports Academy, Mumbai",Lucknow Super Giants,Sunrisers Hyderabad,Sunrisers Hyderabad,field,Lucknow Super Giants
Indian Premier League,2022,13,2022-04-05,Mumbai,"Wankhede Stadium, Mumbai",Rajasthan Royals,Royal Challengers Bangalore,Royal Challengers Bangalore,field,Royal Challengers Bangalore
Indian Premier League,2022,14,2022-04-06,Pune,"Maharashtra Cricket Association Stadium, Pune",Mumbai Indians,Kolkata Knight Riders,Kolkata Knight Riders,field,Kolkata Knight Riders
Indian Premier League,2022,15,2022-04-07,Mumbai,"Dr DY Patil Sports Academy, Mumbai",Delhi Capitals,Lucknow Super Giants,Lucknow Super Giants,field,Lucknow Super Giants
Indian Premier League,2022,16,2022-04-08,Mumbai,"Brabourne Stadium, Mumbai",Punjab Kings,Gujarat Titans,Gujarat Titans,field,Gujarat Titans
Indian Premier League,2022,17,2022-04-09,Mumbai,"Dr DY Patil Sports Academy, Mumbai",Chennai Super Kings,Sunrisers Hyderabad,Sunrisers Hyderabad,field,Sunrisers Hyderabad
Indian Premier League,2022,18,2022-04-09,Pune,"Maharashtra Cricket Association Stadium, Pune",Mumbai Indians,Royal Challengers Bangalore,Royal Challengers Bangalore,field,Royal Challengers Bangalore
Indian Premier League,2022,19,2022-04-10,Mumbai,"Brabourne Stadium, Mumbai",Delhi Capitals,Kolkata Knight Riders,Kolkata Knight Riders,field,Delhi Capitals
Indian Premier League,2022,20,2022-04-10,Mumbai,"Wankhede Stadium, Mumbai",Rajasthan Royals,Lucknow Super Giants,Lucknow Super Giants,field,Rajasthan Royals
Indian Premier League,2022,21,2022-04-11,Mumbai,"Dr DY Patil Sports Academy, Mumbai",Gujarat Titans,Sunrisers Hyderabad,Sunrisers Hyderabad,field,Sunrisers Hyderabad
Indian Premier League,2022,22,2022-04-12,Mumbai,"Dr DY Patil Sports Academy, Mumbai",Chennai Super Kings,Royal Challengers Bangalore,Royal Challengers Bangalore,field,Chennai Super Kings
Indian Premier League,2022,23,2022-04-13,Pune,"Maharashtra Cricket Association Stadium, Pune",Punjab Kings,Mumbai Indians,Mumbai Indians,field,Punjab Kings
Indian Premier League,2022,24,2022-04-14,Mumbai,"Dr DY Patil Sports Academy, Mumbai",Gujarat Titans,Rajasthan Royals,Rajasthan Royals,field,Gujarat Titans
Indian Premier League,2022,25,2022-04-15,Mumbai,"Brabourne Stadium, Mumbai",Kolkata Knight Riders,Sunrisers Hyderabad,Sunrisers Hyderabad,field,Sunrisers Hyderabad
Indian Premier League,2022,26,2022-04-16,Mumbai,"Brabourne Stadium, Mumbai",Lucknow Super Giants,Mumbai Indians,Mumbai Indians,field,Lucknow Super Giants
Indian Premier League,2022,27,2022-04-16,Mumbai,"Wankhede Stadium, Mumbai",Royal Challengers Bangalore,Delhi Capitals,Delhi Capitals,field,Royal Challengers Bangalore
Indian Premier League,2022,28,2022-04-17,Mumbai,"Dr DY Patil Sports Academy, Mumbai",Punjab Kings,Sunrisers Hyderabad,Sunrisers Hyderabad,field,Sunrisers Hyderabad
Indian Premier League,2022,29,2022-04-17,Pune,"Maharashtra Cricket Association Stadium, Pune",Chennai Super Kings,Gujarat Titans,Gujarat Titans,field,Gujarat Titans
Indian Premier League,2022,30,2022-04-18,Mumbai,"Brabourne Stadium, Mumbai",Rajasthan Royals,Kolkata Knight Riders,Kolkata Knight Riders,field,Rajasthan Royals
Indian Premier League,2022,31,2022-04-19,Mumbai,"Dr DY Patil Sports Academy, Mumbai",Royal Challengers Bangalore,Lucknow Super Giants,Lucknow Super Giants,field,Royal Challengers Bangalore
Indian Premier League,2022,32,2022-04-20,Mumbai,"Brabourne Stadium, Mumbai",Punjab Kings,Delhi Capitals,Delhi Capitals,field,Delhi Capitals
Indian Premier League,2022,33,2022-04-21,Navi Mumbai,"Dr DY Patil Sports Academy, Mumbai",Mumbai Indians,Chennai Super Kings,Chennai Super Kings,field,Chennai Super Kings
Indian Premier League,2022,34,2022-04-22,Mumbai,"Wankhede Stadium, Mumbai",Rajasthan Royals,Delhi Capitals,Delhi Capitals,field,Rajasthan Royals
Indian Premier League,2022,35,2022-04-23,Navi Mumbai,"Dr DY Patil Sports Academy, Mumbai",Gujarat Titans,Kolkata Knight Riders,Gujarat Titans,bat,Gujarat Titans
Indian Premier League,2022,36,2022-04-23,Mumbai,"Brabourne Stadium, Mumbai",Royal Challengers Bangalore,Sunrisers Hyderabad,Sunrisers Hyderabad,field,Sunrisers Hyderabad
Indian Premier League,2022,37,2022-04-24,Mumbai,"Wankhede Stadium, Mumbai",Lucknow Super Giants,Mumbai Indians,Mumbai Indians,field,Lucknow Super Giants
Indian Premier League,2022,38,2022-04-25,Mumbai,"Wankhede Stadium, Mumbai",Punjab Kings,Chennai Super Kings,Chennai Super Kings,field,Punjab Kings
Indian Premier League,2022,39,2022-04-26,Pune,"Maharashtra Cricket Association Stadium, Pune",Rajasthan Royals,Royal Challengers Bangalore,Royal Challengers Bangalore,field,Rajasthan Royals
Indian Premier League,2022,40,2022-04-27,Mumbai,"Wankhede Stadium, Mumbai",Sunrisers Hyderabad,Gujarat Titans,Gujarat Titans,field,Gujarat Titans
Indian Premier League,2022,41,2022-04-28,Mumbai,"Wankhede Stadium, Mumbai",Kolkata Knight Riders,Delhi Capitals,Delhi Capitals,field,Delhi Capitals
Indian Premier League,2022,42,2022-04-29,Pune,"Maharashtra Cricket Association Stadium, Pune",Lucknow Super Giants,Punjab Kings,Punjab Kings,field,Lucknow Super Giants
Indian Premier League,2022,43,2022-04-30,Mumbai,"Brabourne Stadium, Mumbai",Royal Challengers Bangalore,Gujarat Titans,Royal Challengers Bangalore,bat,Gujarat Titans
Indian Premier League,2022,44,2022-04-30,Navi Mumbai,"Dr DY Patil Sports Academy, Mumbai",Rajasthan Royals,Mumbai Indians,Mumbai Indians,field,Mumbai Indians
Indian Premier League,2022,45,2022-05-01,Mumbai,"Wankhede Stadium, Mumbai",Lucknow Super Giants,Delhi Capitals,Lucknow Super Giants,bat,Lucknow Super Giants
Indian Premier League,2022,46,2022-05-01,Pune,"Maharashtra Cricket Association Stadium, Pune",Chennai Super Kings,Sunrisers Hyderabad,Sunrisers Hyderabad,field,Chennai Super Kings
Indian Premier League,2022,47,2022-05-02,Mumbai,"Wankhede Stadium, Mumbai",Rajasthan Royals,Kolkata Knight Riders,Kolkata Knight Riders,field,Kolkata Knight Riders
Indian Premier League,2022,48,2022-05-03,Navi Mumbai,"Dr DY Patil Sports Academy, Mumbai",Gujarat Titans,Punjab Kings,Gujarat Titans,bat,Punjab Kings
Indian Premier League,2022,49,2022-05-04,Pune,"Maharashtra Cricket Association Stadium, Pune",Royal Challengers Bangalore,Chennai Super Kings,Chennai Super Kings,field,Royal Challengers Bangalore
Indian Premier League,2022,50,2022-05-05,Mumbai,"Brabourne Stadium, Mumbai",Delhi Capitals,Sunrisers Hyderabad,Sunrisers Hyderabad,field,Delhi Capitals
Indian Premier League,2022,51,2022-05-06,Mumbai,"Brabourne Stadium, Mumbai",Mumbai Indians,Gujarat Titans,Gujarat Titans,field,Mumbai Indians
Indian Premier League,2022,52,2022-05-07,Mumbai,"Wankhede Stadium, Mumbai",Punjab Kings,Rajasthan Royals,Punjab Kings,bat,Rajasthan Royals
Indian Premier League,2022,53,2022-05-07,Pune,"Maharashtra Cricket Association Stadium, Pune",Lucknow Super Giants,Kolkata Knight Riders,Kolkata Knight Riders,field,Lucknow Super Giants
Indian Premier League,2022,54,2022-05-08,Mumbai,"Wankhede Stadium, Mumbai",Royal Challengers Bangalore,Sunrisers Hyderabad,Royal Challengers Bangalore,bat,Royal Challengers Bangalore
Indian Premier League,2022,55,2022-05-08,Navi Mumbai,"Dr DY Patil Sports Academy, Mumbai",Chennai Super Kings,Delhi Capitals,Delhi Capitals,field,Chennai Super Kings
Indian Premier League,2022,56,2022-05-09,Navi Mumbai,"Dr DY Patil Sports Academy, Mumbai",Kolkata Knight Riders,Mumbai Indians,Mumbai Indians,field,Kolkata Knight Riders
Indian Premier League,2022,57,2022-05-10,Pune,"Maharashtra Cricket Association Stadium, Pune",Gujarat Titans,Lucknow Super Giants,Gujarat Titans,bat,Gujarat Titans
Indian Premier League,2022,58,2022-05-11,Navi Mumbai,"Dr DY Patil Sports Academy, Mumbai",Rajasthan Royals,Delhi Capitals,Delhi Capitals,field,Delhi Capitals
Indian Premier League,2022,59,2022-05-12,Mumbai,"Wankhede Stadium, Mumbai",Chennai Super Kings,Mumbai Indians,Mumbai Indians,field,Mumbai Indians
Indian Premier League,2022,60,2022-05-13,Mumbai,"Brabourne Stadium, Mumbai",Punjab Kings,Royal Challengers Bangalore,Royal Challengers Bangalore,field,Punjab Kings
Indian Premier League,2022,61,2022-05-14,Pune,"Maharashtra Cricket Association Stadium, Pune",Kolkata Knight Riders,Sunrisers Hyderabad,Kolkata Knight Riders,bat,Kolkata Knight Riders
Indian Premier League,2022,62,2022-05-15,Mumbai,"Wankhede Stadium, Mumbai",Chennai Super Kings,Gujarat Titans,Chennai Super Kings,bat,Gujarat Titans
Indian Premier League,2022,63,2022-05-15,Mumbai,"Brabourne Stadium, Mumbai",Rajasthan Royals,Lucknow Super Giants,Rajasthan Royals,bat,Rajasthan Royals
Indian Premier League,2022,64,2022-05-16,Navi Mumbai,"Dr DY Patil Sports Academy, Mumbai",Delhi Capitals,Punjab Kings,Punjab Kings,field,Delhi Capitals
Indian Premier League,2022,65,2022-05-17,Mumbai,"Wankhede Stadium, Mumbai",Sunrisers Hyderabad,Mumbai Indians,Mumbai Indians,field,Sunrisers Hyderabad
Indian Premier League,2022,66,2022-05-18,Navi Mumbai,"Dr DY Patil Sports Academy, Mumbai",Lucknow Super Giants,Kolkata Knight Riders,Lucknow Super Giants,bat,Lucknow Super Giants
Indian Premier League,2022,67,2022-05-19,Mumbai,"Wankhede Stadium, Mumbai",Gujarat Titans,Royal Challengers Bangalore,Gujarat Titans,bat,Royal Challengers Bangalore
Indian Premier League,2022,68,2022-05-20,Mumbai,"Brabourne Stadium, Mumbai",Chennai Super Kings,Rajasthan Royals,Chennai Super Kings,bat,Rajasthan Royals
Indian Premier League,2022,69,2022-05-21,Mumbai,"Wankhede Stadium, Mumbai",Delhi Capitals,Mumbai Indians,Mumbai Indians,field,Mumbai Indians
Indian Premier League,2022,70,2022-05-22,Mumbai,"Wankhede Stadium, Mumbai",Sunrisers Hyderabad,Punjab Kings,Sunrisers Hyderabad,bat,Punjab Kings
Indian Premier League,2022,N/A,2022-05-24,Kolkata,"Eden Gardens, Kolkata",Rajasthan Royals,Gujarat Titans,Gujarat Titans,field,Gujarat Titans
Indian Premier League,2022,N/A,2022-05-25,Kolkata,"Eden Gardens, Kolkata",Royal Challengers Bangalore,Lucknow Super Giants,Lucknow Super Giants,field,Royal Challengers Bangalore
Indian Premier League,2022,N/A,2022-05-27,Ahmedabad,"Narendra Modi Stadium, Ahmedabad",Royal Challengers Bangalore,Rajasthan Royals,Rajasthan Royals,field,Rajasthan Royals
Indian Premier League,2022,N/A,2022-05-29,Ahmedabad,"Narendra Modi Stadium, Ahmedabad",Rajasthan Royals,Gujarat Titans,Rajasthan Royals,bat,Gujarat Titans
Indian Premier League,2023,1,2023-03-31,Ahmedabad,"Narendra Modi Stadium, Ahmedabad",Chennai Super Kings,Gujarat Titans,Gujarat Titans,field,Gujarat Titans
Indian Premier League,2023,2,2023-04-01,Chandigarh,"Punjab Cricket Association IS Bindra Stadium, Mohali, Chandigarh",Punjab Kings,Kolkata Knight Riders,Kolkata Knight Riders,field,Punjab Kings
Indian Premier League,2023,3,2023-04-01,Lucknow,"Bharat Ratna Shri Atal Bihari Vajpayee Ekana Cricket Stadium, Lucknow",Lucknow Super Giants,Delhi Capitals,Delhi Capitals,field,Lucknow Super Giants
Indian Premier League,2023,4,2023-04-02,Hyderabad,"Rajiv Gandhi International Stadium, Uppal, Hyderabad",Rajasthan Royals,Sunrisers Hyderabad,Sunrisers Hyderabad,field,Rajasthan Royals
Indian Premier League,2023,5,2023-04-02,Bengaluru,"M Chinnaswamy Stadium, Bengaluru",Mumbai Indians,Royal Challengers Bangalore,Royal Challengers Bangalore,field,Royal Challengers Bangalore
Indian Premier League,2023,6,2023-04-03,Chennai,"MA Chidambaram Stadium, Chepauk, Chennai",Chennai Super Kings,Lucknow Super Giants,Lucknow Super Giants,field,Chennai Super Kings
Indian Premier League,2023,7,2023-04-04,Delhi,"Arun Jaitley Stadium, Delhi",Delhi Capitals,Gujarat Titans,Gujarat Titans,field,Gujarat Titans
Indian Premier League,2023,8,2023-04-05,Guwahati,"Barsapara Cricket Stadium, Guwahati",Punjab Kings,Rajasthan Royals,Rajasthan Royals,field,Punjab Kings
Indian Premier League,2023,9,2023-04-06,Kolkata,"Eden Gardens, Kolkata",Kolkata Knight Riders,Royal Challengers Bangalore,Royal Challengers Bangalore,field,Kolkata Knight Riders
Indian Premier League,2023,10,2023-04-07,Lucknow,"Bharat Ratna Shri Atal Bihari Vajpayee Ekana Cricket Stadium, Lucknow",Sunrisers Hyderabad,Lucknow Super Giants,Sunrisers Hyderabad,bat,Lucknow Super Giants
Indian Premier League,2023,11,2023-04-08,Guwahati,"Barsapara Cricket Stadium, Guwahati",Rajasthan Royals,Delhi Capitals,Delhi Capitals,field,Rajasthan Royals
Indian Premier League,2023,12,2023-04-08,Mumbai,"Wankhede Stadium, Mumbai",Mumbai Indians,Chennai Super Kings,Chennai Super Kings,field,Chennai Super Kings
Indian Premier League,2023,13,2023-04-09,Ahmedabad,"Narendra Modi Stadium, Ahmedabad",Gujarat Titans,Kolkata Knight Riders,Gujarat Titans,bat,Kolkata Knight Riders
Indian Premier League,2023,14,2023-04-09,Hyderabad,"Rajiv Gandhi International Stadium, Uppal, Hyderabad",Punjab Kings,Sunrisers Hyderabad,Sunrisers Hyderabad,field,Sunrisers Hyderabad
Indian Premier League,2023,15,2023-04-10,Bengaluru,"M Chinnaswamy Stadium, Bengaluru",Royal Challengers Bangalore,Lucknow Super Giants,Lucknow Super Giants,field,Lucknow Super Giants
Indian Premier League,2023,16,2023-04-11,Delhi,"Arun Jaitley Stadium, Delhi",Delhi Capitals,Mumbai Indians,Mumbai Indians,field,Mumbai Indians
Indian Premier League,2023,17,2023-04-12,Chennai,"MA Chidambaram Stadium, Chepauk, Chennai",Rajasthan Royals,Chennai Super Kings,Chennai Super Kings,field,Rajasthan Royals
Indian Premier League,2023,18,2023-04-13,Chandigarh,"Punjab Cricket Association IS Bindra Stadium, Mohali, Chandigarh",Punjab Kings,Gujarat Titans,Gujarat Titans,field,Gujarat Titans
Indian Premier League,2023,19,2023-04-14,Kolkata,"Eden Gardens, Kolkata",Sunrisers Hyderabad,Kolkata Knight Riders,Kolkata Knight Riders,field,Sunrisers Hyderabad
Indian Premier League,2023,20,2023-04-15,Bengaluru,"M Chinnaswamy Stadium, Bengaluru",Royal Challengers Bangalore,Delhi Capitals,Delhi Capitals,field,Royal Challengers Bangalore
Indian Premier League,2023,21,2023-04-15,Lucknow,"Bharat Ratna Shri Atal Bihari Vajpayee Ekana Cricket Stadium, Lucknow",Lucknow Super Giants,Punjab Kings,Punjab Kings,field,Punjab Kings
Indian Premier League,2023,22,2023-04-16,Mumbai,"Wankhede Stadium, Mumbai",Kolkata Knight Riders,Mumbai Indians,Mumbai Indians,field,Mumbai Indians
Indian Premier League,2023,23,2023-04-16,Ahmedabad,"Narendra Modi Stadium, Ahmedabad",Gujarat Titans,Rajasthan Royals,Rajasthan Royals,field,Rajasthan Royals
Indian Premier League,2023,24,2023-04-17,Bengaluru,"M Chinnaswamy Stadium, Bengaluru",Chennai Super Kings,Royal Challengers Bangalore,Royal Challengers Bangalore,field,Chennai Super Kings
Indian Premier League,2023,25,2023-04-18,Hyderabad,"Rajiv Gandhi International Stadium, Uppal, Hyderabad",Mumbai Indians,Sunrisers Hyderabad,Sunrisers Hyderabad,field,Mumbai Indians
Indian Premier League,2023,26,2023-04-19,Jaipur,"Sawai Mansingh Stadium, Jaipur",Lucknow Super Giants,Rajasthan Royals,Rajasthan Royals,field,Lucknow Super Giants
Indian Premier League,2023,27,2023-04-20,Chandigarh,"Punjab Cricket Association IS Bindra Stadium, Mohali, Chandigarh",Royal Challengers Bangalore,Punjab Kings,Punjab Kings,field,Royal Challengers Bangalore
Indian Premier League,2023,28,2023-04-20,Delhi,"Arun Jaitley Stadium, Delhi",Kolkata Knight Riders,Delhi Capitals,Delhi Capitals,field,Delhi Capitals
Indian Premier League,2023,29,2023-04-21,Chennai,"MA Chidambaram Stadium, Chepauk, Chennai",Sunrisers Hyderabad,Chennai Super Kings,Chennai Super Kings,field,Chennai Super Kings
Indian Premier League,2023,30,2023-04-22,Lucknow,"Bharat Ratna Shri Atal Bihari Vajpayee Ekana Cricket Stadium, Lucknow",Gujarat Titans,Lucknow Super Giants,Gujarat Titans,bat,Gujarat Titans
Indian Premier League,2023,31,2023-04-22,Mumbai,"Wankhede Stadium, Mumbai",Punjab Kings,Mumbai Indians,Mumbai Indians,field,Punjab Kings
Indian Premier League,2023,32,2023-04-23,Bengaluru,"M Chinnaswamy Stadium, Bengaluru",Royal Challengers Bangalore,Rajasthan Royals,Rajasthan Royals,field,Royal Challengers Bangalore
Indian Premier League,2023,33,2023-04-23,Kolkata,"Eden Gardens, Kolkata",Chennai Super Kings,Kolkata Knight Riders,Kolkata Knight Riders,field,Chennai Super Kings
Indian Premier League,2023,34,2023-04-24,Hyderabad,"Rajiv Gandhi International Stadium, Uppal, Hyderabad",Delhi Capitals,Sunrisers Hyderabad,Delhi Capitals,bat,Delhi Capitals
Indian Premier League,2023,35,2023-04-25,Ahmedabad,"Narendra Modi Stadium, Ahmedabad",Gujarat Titans,Mumbai Indians,Mumbai Indians,field,Gujarat Titans
Indian Premier League,2023,36,2023-04-26,Bengaluru,"M Chinnaswamy Stadium, Bengaluru",Kolkata Knight Riders,Royal Challengers Bangalore,Royal Challengers Bangalore,field,Kolkata Knight Riders
Indian Premier League,2023,37,2023-04-27,Jaipur,"Sawai Mansingh Stadium, Jaipur",Rajasthan Royals,Chennai Super Kings,Rajasthan Royals,bat,Rajasthan Royals
Indian Premier League,2023,38,2023-04-28,Chandigarh,"Punjab Cricket Association IS Bindra Stadium, Mohali, Chandigarh",Lucknow Super Giants,Punjab Kings,Punjab Kings,field,Lucknow Super Giants
Indian Premier League,2023,39,2023-04-29,Kolkata,"Eden Gardens, Kolkata",Kolkata Knight Riders,Gujarat Titans,Gujarat Titans,field,Gujarat Titans
Indian Premier League,2023,40,2023-04-29,Delhi,"Arun Jaitley Stadium, Delhi",Sunrisers Hyderabad,Delhi Capitals,Sunrisers Hyderabad,bat,Sunrisers Hyderabad
Indian Premier League,2023,41,2023-04-30,Chennai,"MA Chidambaram Stadium, Chepauk, Chennai",Chennai Super Kings,Punjab Kings,Chennai Super Kings,bat,Punjab Kings
Indian Premier League,2023,42,2023-04-30,Mumbai,"Wankhede Stadium, Mumbai",Rajasthan Royals,Mumbai Indians,Rajasthan Royals,bat,Mumbai Indians
Indian Premier League,2023,43,2023-05-01,Lucknow,"Bharat Ratna Shri Atal Bihari Vajpayee Ekana Cricket Stadium, Lucknow",Royal Challengers Bangalore,Lucknow Super Giants,Royal Challengers Bangalore,bat,Royal Challengers Bangalore
Indian Premier League,2023,44,2023-05-02,Ahmedabad,"Narendra Modi Stadium, Ahmedabad",Delhi Capitals,Gujarat Titans,Delhi Capitals,bat,Delhi Capitals
Indian Premier League,2023,45,2023-05-03,Lucknow,"Bharat Ratna Shri Atal Bihari Vajpayee Ekana Cricket Stadium, Lucknow",Lucknow Super Giants,Chennai Super Kings,Chennai Super Kings,field,None
Indian Premier League,2023,46,2023-05-03,Chandigarh,"Punjab Cricket Association IS Bindra Stadium, Mohali, Chandigarh",Punjab Kings,Mumbai Indians,Mumbai Indians,field,Mumbai Indians
Indian Premier League,2023,47,2023-05-04,Hyderabad,"Rajiv Gandhi International Stadium, Uppal, Hyderabad",Kolkata Knight Riders,Sunrisers Hyderabad,Kolkata Knight Riders,bat,Kolkata Knight Riders
Indian Premier League,2023,48,2023-05-05,Jaipur,"Sawai Mansingh Stadium, Jaipur",Rajasthan Royals,Gujarat Titans,Rajasthan Royals,bat,Gujarat Titans
Indian Premier League,2023,49,2023-05-06,Chennai,"MA Chidambaram Stadium, Chepauk, Chennai",Mumbai Indians,Chennai Super Kings,Chennai Super Kings,field,Chennai Super Kings
Indian Premier League,2023,50,2023-05-06,Delhi,"Arun Jaitley Stadium, Delhi",Royal Challengers Bangalore,Delhi Capitals,Royal Challengers Bangalore,bat,Delhi Capitals
Indian Premier League,2023,51,2023-05-07,Ahmedabad,"Narendra Modi Stadium, Ahmedabad",Gujarat Titans,Lucknow Super Giants,Lucknow Super Giants,field,Gujarat Titans
Indian Premier League,2023,52,2023-05-07,Jaipur,"Sawai Mansingh Stadium, Jaipur",Rajasthan Royals,Sunrisers Hyderabad,Rajasthan Royals,bat,Sunrisers Hyderabad
Indian Premier League,2023,53,2023-05-08,Kolkata,"Eden Gardens, Kolkata",Punjab Kings,Kolkata Knight Riders,Punjab Kings,bat,Kolkata Knight Riders
Indian Premier League,2023,54,2023-05-09,Mumbai,"Wankhede Stadium, Mumbai",Royal Challengers Bangalore,Mumbai Indians,Mumbai Indians,field,Mumbai Indians
Indian Premier League,2023,55,2023-05-10,Chennai,"MA Chidambaram Stadium, Chepauk, Chennai",Chennai Super Kings,Delhi Capitals,Chennai Super Kings,bat,Chennai Super Kings
Indian Premier League,2023,56,2023-05-11,Kolkata,"Eden Gardens, Kolkata",Kolkata Knight Riders,Rajasthan Royals,Rajasthan Royals,field,Rajasthan Royals
Indian Premier League,2023,57,2023-05-12,Mumbai,"Wankhede Stadium, Mumbai",Mumbai Indians,Gujarat Titans,Gujarat Titans,field,Mumbai Indians
Indian Premier League,2023,58,2023-05-13,Hyderabad,"Rajiv Gandhi International Stadium, Uppal, Hyderabad",Sunrisers Hyderabad,Lucknow Super Giants,Sunrisers Hyderabad,bat,Lucknow Super Giants
Indian Premier League,2023,59,2023-05-13,Delhi,"Arun Jaitley Stadium, Delhi",Punjab Kings,Delhi Capitals,Delhi Capitals,field,Punjab Kings
Indian Premier League,2023,60,2023-05-14,Jaipur,"Sawai Mansingh Stadium, Jaipur",Royal Challengers Bangalore,Rajasthan Royals,Royal Challengers Bangalore,bat,Royal Challengers Bangalore
Indian Premier League,2023,61,2023-05-14,Chennai,"MA Chidambaram Stadium, Chepauk, Chennai",Chennai Super Kings,Kolkata Knight Riders,Chennai Super Kings,bat,Kolkata Knight Riders
Indian Premier League,2023,62,2023-05-15,Ahmedabad,"Narendra Modi Stadium, Ahmedabad",Gujarat Titans,Sunrisers Hyderabad,Sunrisers Hyderabad,field,Gujarat Titans
Indian Premier League,2023,63,2023-05-16,Lucknow,"Bharat Ratna Shri Atal Bihari Vajpayee Ekana Cricket Stadium, Lucknow",Lucknow Super Giants,Mumbai Indians,Mumbai Indians,field,Lucknow Super Giants
Indian Premier League,2023,64,2023-05-17,Dharamsala,"Himachal Pradesh Cricket Association Stadium, Dharamsala",Delhi Capitals,Punjab Kings,Punjab Kings,field,Delhi Capitals
Indian Premier League,2023,65,2023-05-18,Hyderabad,"Rajiv Gandhi International Stadium, Uppal, Hyderabad",Sunrisers Hyderabad,Royal Challengers Bangalore,Royal Challengers Bangalore,field,Royal Challengers Bangalore
Indian Premier League,2023,66,2023-05-19,Dharamsala,"Himachal Pradesh Cricket Association Stadium, Dharamsala",Punjab Kings,Rajasthan Royals,Rajasthan Royals,field,Rajasthan Royals
Indian Premier League,2023,67,2023-05-20,Delhi,"Arun Jaitley Stadium, Delhi",Chennai Super Kings,Delhi Capitals,Chennai Super Kings,bat,Chennai Super Kings
Indian Premier League,2023,68,2023-05-20,Kolkata,"Eden Gardens, Kolkata",Lucknow Super Giants,Kolkata Knight Riders,Kolkata Knight Riders,field,Lucknow Super Giants
Indian Premier League,2023,69,2023-05-21,Mumbai,"Wankhede Stadium, Mumbai",Sunrisers Hyderabad,Mumbai Indians,Mumbai Indians,field,Mumbai Indians
Indian Premier League,2023,70,2023-05-21,Bengaluru,"M Chinnaswamy Stadium, Bengaluru",Royal Challengers Bangalore,Gujarat Titans,Gujarat Titans,field,Gujarat Titans
Indian Premier League,2023,N/A,2023-05-23,Chennai,"MA Chidambaram Stadium, Chepauk, Chennai",Chennai Super Kings,Gujarat Titans,Gujarat Titans,field,Chennai Super Kings
Indian Premier League,2023,N/A,2023-05-24,Chennai,"MA Chidambaram Stadium, Chepauk, Chennai",Mumbai Indians,Lucknow Super Giants,Mumbai Indians,bat,Mumbai Indians
Indian Premier League,2023,N/A,2023-05-26,Ahmedabad,"Narendra Modi Stadium, Ahmedabad",Gujarat Titans,Mumbai Indians,Mumbai Indians,field,Gujarat Titans
Indian Premier League,2023,N/A,2023-05-29,Ahmedabad,"Narendra Modi Stadium, Ahmedabad",Gujarat Titans,Chennai Super Kings,Chennai Super Kings,field,Chennai Super Kings
Indian Premier League,2024,1,2024-03-22,Chennai,"MA Chidambaram Stadium, Chepauk, Chennai",Royal Challengers Bengaluru,Chennai Super Kings,Royal Challengers Bengaluru,bat,Chennai Super Kings
Indian Premier League,2024,2,2024-03-23,Mohali,"Maharaja Yadavindra Singh International Cricket Stadium, Mullanpur",Delhi Capitals,Punjab Kings,Punjab Kings,field,Punjab Kings
Indian Premier League,2024,3,2024-03-23,Kolkata,"Eden Gardens, Kolkata",Kolkata Knight Riders,Sunrisers Hyderabad,Sunrisers Hyderabad,field,Kolkata Knight Riders
Indian Premier League,2024,4,2024-03-24,Jaipur,"Sawai Mansingh Stadium, Jaipur",Rajasthan Royals,Lucknow Super Giants,Rajasthan Royals,bat,Rajasthan Royals
Indian Premier League,2024,5,2024-03-24,Ahmedabad,"Narendra Modi Stadium, Ahmedabad",Gujarat Titans,Mumbai Indians,Mumbai Indians,field,Gujarat Titans
Indian Premier League,2024,6,2024-03-25,Bengaluru,"M Chinnaswamy Stadium, Bengaluru",Punjab Kings,Royal Challengers Bengaluru,Royal Challengers Bengaluru,field,Royal Challengers Bengaluru
Indian Premier League,2024,7,2024-03-26,Chennai,"MA Chidambaram Stadium, Chepauk, Chennai",Chennai Super Kings,Gujarat Titans,Gujarat Titans,field,Chennai Super Kings
Indian Premier League,2024,8,2024-03-27,Hyderabad,"Rajiv Gandhi International Stadium, Uppal, Hyderabad",Sunrisers Hyderabad,Mumbai Indians,Mumbai Indians,field,Sunrisers Hyderabad
Indian Premier League,2024,9,2024-03-28,Jaipur,"Sawai Mansingh Stadium, Jaipur",Rajasthan Royals,Delhi Capitals,Delhi Capitals,field,Rajasthan Royals
Indian Premier League,2024,10,2024-03-29,Bengaluru,"M Chinnaswamy Stadium, Bengaluru",Royal Challengers Bengaluru,Kolkata Knight Riders,Kolkata Knight Riders,field,Kolkata Knight Riders
Indian Premier League,2024,11,2024-03-30,Lucknow,"Bharat Ratna Shri Atal Bihari Vajpayee Ekana Cricket Stadium, Lucknow",Lucknow Super Giants,Punjab Kings,Lucknow Super Giants,bat,Lucknow Super Giants
Indian Premier League,2024,12,2024-03-31,Ahmedabad,"Narendra Modi Stadium, Ahmedabad",Sunrisers Hyderabad,Gujarat Titans,Sunrisers Hyderabad,bat,Gujarat Titans
Indian Premier League,2024,13,2024-03-31,Visakhapatnam,"Dr. Y.S. Rajasekhara Reddy ACA-VDCA Cricket Stadium, Visakhapatnam",Delhi Capitals,Chennai Super Kings,Delhi Capitals,bat,Delhi Capitals
Indian Premier League,2024,14,2024-04-01,Mumbai,"Wankhede Stadium, Mumbai",Mumbai Indians,Rajasthan Royals,Rajasthan Royals,field,Rajasthan Royals
Indian Premier League,2024,15,2024-04-02,Bengaluru,"M Chinnaswamy Stadium, Bengaluru",Lucknow Super Giants,Royal Challengers Bengaluru,Royal Challengers Bengaluru,field,Lucknow Super Giants
Indian Premier League,2024,16,2024-04-03,Visakhapatnam,"Dr. Y.S. Rajasekhara Reddy ACA-VDCA Cricket Stadium, Visakhapatnam",Kolkata Knight Riders,Delhi Capitals,Kolkata Knight Riders,bat,Kolkata Knight Riders
Indian Premier League,2024,17,2024-04-04,Ahmedabad,"Narendra Modi Stadium, Ahmedabad",Gujarat Titans,Punjab Kings,Punjab Kings,field,Punjab Kings
Indian Premier League,2024,18,2024-04-05,Hyderabad,"Rajiv Gandhi International Stadium, Uppal, Hyderabad",Chennai Super Kings,Sunrisers Hyderabad,Sunrisers Hyderabad,field,Sunrisers Hyderabad
Indian Premier League,2024,19,2024-04-06,Jaipur,"Sawai Mansingh Stadium, Jaipur",Royal Challengers Bengaluru,Rajasthan Royals,Rajasthan Royals,field,Rajasthan Royals
Indian Premier League,2024,20,2024-04-07,Mumbai,"Wankhede Stadium, Mumbai",Mumbai Indians,Delhi Capitals,Delhi Capitals,field,Mumbai Indians
Indian Premier League,2024,21,2024-04-07,Lucknow,"Bharat Ratna Shri Atal Bihari Vajpayee Ekana Cricket Stadium, Lucknow",Lucknow Super Giants,Gujarat Titans,Lucknow Super Giants,bat,Lucknow Super Giants
Indian Premier League,2024,22,2024-04-08,Chennai,"MA Chidambaram Stadium, Chepauk, Chennai",Kolkata Knight Riders,Chennai Super Kings,Chennai Super Kings,field,Chennai Super Kings
Indian Premier League,2024,23,2024-04-09,Mohali,"Maharaja Yadavindra Singh International Cricket Stadium, Mullanpur",Sunrisers Hyderabad,Punjab Kings,Punjab Kings,field,Sunrisers Hyderabad
Indian Premier League,2024,24,2024-04-10,Jaipur,"Sawai Mansingh Stadium, Jaipur",Rajasthan Royals,Gujarat Titans,Gujarat Titans,field,Gujarat Titans
Indian Premier League,2024,25,2024-04-11,Mumbai,"Wankhede Stadium, Mumbai",Royal Challengers Bengaluru,Mumbai Indians,Mumbai Indians,field,Mumbai Indians
Indian Premier League,2024,26,2024-04-12,Lucknow,"Bharat Ratna Shri Atal Bihari Vajpayee Ekana Cricket Stadium, Lucknow",Lucknow Super Giants,Delhi Capitals,Lucknow Super Giants,bat,Delhi Capitals
Indian Premier League,2024,27,2024-04-13,Mohali,"Maharaja Yadavindra Singh International Cricket Stadium, Mullanpur",Punjab Kings,Rajasthan Royals,Rajasthan Royals,field,Rajasthan Royals
Indian Premier League,2024,28,2024-04-14,Kolkata,"Eden Gardens, Kolkata",Lucknow Super Giants,Kolkata Knight Riders,Kolkata Knight Riders,field,Kolkata Knight Riders
Indian Premier League,2024,29,2024-04-14,Mumbai,"Wankhede Stadium, Mumbai",Chennai Super Kings,Mumbai Indians,Mumbai Indians,field,Chennai Super Kings
Indian Premier League,2024,30,2024-04-15,Bengaluru,"M Chinnaswamy Stadium, Bengaluru",Sunrisers Hyderabad,Royal Challengers Bengaluru,Royal Challengers Bengaluru,field,Sunrisers Hyderabad
Indian Premier League,2024,31,2024-04-16,Kolkata,"Eden Gardens, Kolkata",Kolkata Knight Riders,Rajasthan Royals,Rajasthan Royals,field,Rajasthan Royals
Indian Premier League,2024,32,2024-04-17,Ahmedabad,"Narendra Modi Stadium, Ahmedabad",Gujarat Titans,Delhi Capitals,Delhi Capitals,field,Delhi Capitals
Indian Premier League,2024,33,2024-04-18,Mohali,"Maharaja Yadavindra Singh International Cricket Stadium, Mullanpur",Mumbai Indians,Punjab Kings,Punjab Kings,field,Mumbai Indians
Indian Premier League,2024,34,2024-04-19,Lucknow,"Bharat Ratna Shri Atal Bihari Vajpayee Ekana Cricket Stadium, Lucknow",Chennai Super Kings,Lucknow Super Giants,Lucknow Super Giants,field,Lucknow Super Giants
Indian Premier League,2024,35,2024-04-20,Delhi,"Arun Jaitley Stadium, Delhi",Sunrisers Hyderabad,Delhi Capitals,Delhi Capitals,field,Sunrisers Hyderabad
Indian Premier League,2024,36,2024-04-21,Kolkata,"Eden Gardens, Kolkata",Kolkata Knight Riders,Royal Challengers Bengaluru,Royal Challengers Bengaluru,field,Kolkata Knight Riders
Indian Premier League,2024,37,2024-04-21,Mohali,"Maharaja Yadavindra Singh International Cricket Stadium, Mullanpur",Punjab Kings,Gujarat Titans,Punjab Kings,bat,Gujarat Titans
Indian Premier League,2024,38,2024-04-22,Jaipur,"Sawai Mansingh Stadium, Jaipur",Mumbai Indians,Rajasthan Royals,Mumbai Indians,bat,Rajasthan Royals
Indian Premier League,2024,39,2024-04-23,Chennai,"MA Chidambaram Stadium, Chepauk, Chennai",Chennai Super Kings,Lucknow Super Giants,Lucknow Super Giants,field,Lucknow Super Giants
Indian Premier League,2024,40,2024-04-24,Delhi,"Arun Jaitley Stadium, Delhi",Delhi Capitals,Gujarat Titans,Gujarat Titans,field,Delhi Capitals
Indian Premier League,2024,41,2024-04-25,Hyderabad,"Rajiv Gandhi International Stadium, Uppal, Hyderabad",Royal Challengers Bengaluru,Sunrisers Hyderabad,Royal Challengers Bengaluru,bat,Royal Challengers Bengaluru
Indian Premier League,2024,42,2024-04-26,Kolkata,"Eden Gardens, Kolkata",Kolkata Knight Riders,Punjab Kings,Punjab Kings,field,Punjab Kings
Indian Premier League,2024,43,2024-04-27,Delhi,"Arun Jaitley Stadium, Delhi",Delhi Capitals,Mumbai Indians,Mumbai Indians,field,Delhi Capitals
Indian Premier League,2024,44,2024-04-27,Lucknow,"Bharat Ratna Shri Atal Bihari Vajpayee Ekana Cricket Stadium, Lucknow",Lucknow Super Giants,Rajasthan Royals,Rajasthan Royals,field,Rajasthan Royals
Indian Premier League,2024,45,2024-04-28,Ahmedabad,"Narendra Modi Stadium, Ahmedabad",Gujarat Titans,Royal Challengers Bengaluru,Royal Challengers Bengaluru,field,Royal Challengers Bengaluru
Indian Premier League,2024,46,2024-04-28,Chennai,"MA Chidambaram Stadium, Chepauk, Chennai",Chennai Super Kings,Sunrisers Hyderabad,Sunrisers Hyderabad,field,Chennai Super Kings
Indian Premier League,2024,47,2024-04-29,Kolkata,"Eden Gardens, Kolkata",Delhi Capitals,Kolkata Knight Riders,Delhi Capitals,bat,Kolkata Knight Riders
Indian Premier League,2024,48,2024-04-30,Lucknow,"Bharat Ratna Shri Atal Bihari Vajpayee Ekana Cricket Stadium, Lucknow",Mumbai Indians,Lucknow Super Giants,Lucknow Super Giants,field,Lucknow Super Giants
Indian Premier League,2024,49,2024-05-01,Chennai,"MA Chidambaram Stadium, Chepauk, Chennai",Chennai Super Kings,Punjab Kings,Punjab Kings,field,Punjab Kings
Indian Premier League,2024,50,2024-05-02,Hyderabad,"Rajiv Gandhi International Stadium, Uppal, Hyderabad",Sunrisers Hyderabad,Rajasthan Royals,Sunrisers Hyderabad,bat,Sunrisers Hyderabad
Indian Premier League,2024,51,2024-05-03,Mumbai,"Wankhede Stadium, Mumbai",Kolkata Knight Riders,Mumbai Indians,Mumbai Indians,field,Kolkata Knight Riders
Indian Premier League,2024,52,2024-05-04,Bengaluru,"M Chinnaswamy Stadium, Bengaluru",Gujarat Titans,Royal Challengers Bengaluru,Royal Challengers Bengaluru,field,Royal Challengers Bengaluru
Indian Premier League,2024,53,2024-05-05,Dharamsala,"Himachal Pradesh Cricket Association Stadium, Dharamsala",Chennai Super Kings,Punjab Kings,Punjab Kings,field,Chennai Super Kings
Indian Premier League,2024,54,2024-05-05,Lucknow,"Bharat Ratna Shri Atal Bihari Vajpayee Ekana Cricket Stadium, Lucknow",Kolkata Knight Riders,Lucknow Super Giants,Lucknow Super Giants,field,Kolkata Knight Riders
Indian Premier League,2024,55,2024-05-06,Mumbai,"Wankhede Stadium, Mumbai",Sunrisers Hyderabad,Mumbai Indians,Mumbai Indians,field,Mumbai Indians
Indian Premier League,2024,56,2024-05-07,Delhi,"Arun Jaitley Stadium, Delhi",Delhi Capitals,Rajasthan Royals,Rajasthan Royals,field,Delhi Capitals
Indian Premier League,2024,57,2024-05-08,Hyderabad,"Rajiv Gandhi International Stadium, Uppal, Hyderabad",Lucknow Super Giants,Sunrisers Hyderabad,Lucknow Super Giants,bat,Sunrisers Hyderabad
Indian Premier League,2024,58,2024-05-09,Dharamsala,"Himachal Pradesh Cricket Association Stadium, Dharamsala",Royal Challengers Bengaluru,Punjab Kings,Punjab Kings,field,Royal Challengers Bengaluru
Indian Premier League,2024,59,2024-05-10,Ahmedabad,"Narendra Modi Stadium, Ahmedabad",Gujarat Titans,Chennai Super Kings,Chennai Super Kings,field,Gujarat Titans
Indian Premier League,2024,60,2024-05-11,Kolkata,"Eden Gardens, Kolkata",Kolkata Knight Riders,Mumbai Indians,Mumbai Indians,field,Kolkata Knight Riders
Indian Premier League,2024,61,2024-05-12,Chennai,"MA Chidambaram Stadium, Chepauk, Chennai",Rajasthan Royals,Chennai Super Kings,Rajasthan Royals,bat,Chennai Super Kings
Indian Premier League,2024,62,2024-05-12,Bengaluru,"M Chinnaswamy Stadium, Bengaluru",Royal Challengers Bengaluru,Delhi Capitals,Delhi Capitals,field,Royal Challengers Bengaluru
Indian Premier League,2024,64,2024-05-14,Delhi,"Arun Jaitley Stadium, Delhi",Delhi Capitals,Lucknow Super Giants,Lucknow Super Giants,field,Delhi Capitals
Indian Premier League,2024,65,2024-05-15,Guwahati,"Barsapara Cricket Stadium, Guwahati",Rajasthan Royals,Punjab Kings,Rajasthan Royals,bat,Punjab Kings
Indian Premier League,2024,67,2024-05-17,Mumbai,"Wankhede Stadium, Mumbai",Lucknow Super Giants,Mumbai Indians,Mumbai Indians,field,Lucknow Super Giants
Indian Premier League,2024,68,2024-05-18,Bengaluru,"M Chinnaswamy Stadium, Bengaluru",Royal Challengers Bengaluru,Chennai Super Kings,Chennai Super Kings,field,Royal Challengers Bengaluru
Indian Premier League,2024,69,2024-05-19,Hyderabad,"Rajiv Gandhi International Stadium, Uppal, Hyderabad",Punjab Kings,Sunrisers Hyderabad,Punjab Kings,bat,Sunrisers Hyderabad
Indian Premier League,2024,N/A,2024-05-21,Ahmedabad,"Narendra Modi Stadium, Ahmedabad",Sunrisers Hyderabad,Kolkata Knight Riders,Sunrisers Hyderabad,bat,Kolkata Knight Riders
Indian Premier League,2024,N/A,2024-05-22,Ahmedabad,"Narendra Modi Stadium, Ahmedabad",Royal Challengers Bengaluru,Rajasthan Royals,Rajasthan Royals,field,Rajasthan Royals
Indian Premier League,2024,N/A,2024-05-24,Chennai,"MA Chidambaram Stadium, Chepauk, Chennai",Sunrisers Hyderabad,Rajasthan Royals,Rajasthan Royals,field,Sunrisers Hyderabad
Indian Premier League,2024,N/A,2024-05-26,Chennai,"MA Chidambaram Stadium, Chepauk, Chennai",Sunrisers Hyderabad,Kolkata Knight Riders,Sunrisers Hyderabad,bat,Kolkata Knight Riders
Indian Premier League,2025,1,2025-03-22,Kolkata,"Eden Gardens, Kolkata",Kolkata Knight Riders,Royal Challengers Bengaluru,Royal Challengers Bengaluru,field,Royal Challengers Bengaluru
Indian Premier League,2025,2,2025-03-23,Hyderabad,"Rajiv Gandhi International Stadium, Uppal, Hyderabad",Sunrisers Hyderabad,Rajasthan Royals,Rajasthan Royals,field,Sunrisers Hyderabad
Indian Premier League,2025,3,2025-03-23,Chennai,"MA Chidambaram Stadium, Chepauk, Chennai",Mumbai Indians,Chennai Super Kings,Chennai Super Kings,field,Chennai Super Kings
Indian Premier League,2025,4,2025-03-24,Visakhapatnam,"Dr. Y.S. Rajasekhara Reddy ACA-VDCA Cricket Stadium, Visakhapatnam",Lucknow Super Giants,Delhi Capitals,Delhi Capitals,field,Delhi Capitals
Indian Premier League,2025,5,2025-03-25,Ahmedabad,"Narendra Modi Stadium, Ahmedabad",Punjab Kings,Gujarat Titans,Gujarat Titans,field,Punjab Kings
Indian Premier League,2025,6,2025-03-26,Guwahati,"Barsapara Cricket Stadium, Guwahati",Rajasthan Royals,Kolkata Knight Riders,Kolkata Knight Riders,field,Kolkata Knight Riders
Indian Premier League,2025,7,2025-03-27,Hyderabad,"Rajiv Gandhi International Stadium, Uppal, Hyderabad",Sunrisers Hyderabad,Lucknow Super Giants,Lucknow Super Giants,field,Lucknow Super Giants
Indian Premier League,2025,8,2025-03-28,Chennai,"MA Chidambaram Stadium, Chepauk, Chennai",Royal Challengers Bengaluru,Chennai Super Kings,Chennai Super Kings,field,Royal Challengers Bengaluru
Indian Premier League,2025,9,2025-03-29,Ahmedabad,"Narendra Modi Stadium, Ahmedabad",Gujarat Titans,Mumbai Indians,Mumbai Indians,field,Gujarat Titans
Indian Premier League,2025,10,2025-03-30,Visakhapatnam,"Dr. Y.S. Rajasekhara Reddy ACA-VDCA Cricket Stadium, Visakhapatnam",Sunrisers Hyderabad,Delhi Capitals,Sunrisers Hyderabad,bat,Delhi Capitals
Indian Premier League,2025,11,2025-03-30,Guwahati,"Barsapara Cricket Stadium, Guwahati",Rajasthan Royals,Chennai Super Kings,Chennai Super Kings,field,Rajasthan Royals
Indian Premier League,2025,12,2025-03-31,Mumbai,"Wankhede Stadium, Mumbai",Kolkata Knight Riders,Mumbai Indians,Mumbai Indians,field,Mumbai Indians
Indian Premier League,2025,13,2025-04-01,Lucknow,"Bharat Ratna Shri Atal Bihari Vajpayee Ekana Cricket Stadium, Lucknow",Lucknow Super Giants,Punjab Kings,Punjab Kings,field,Punjab Kings
Indian Premier League,2025,14,2025-04-02,Bengaluru,"M Chinnaswamy Stadium, Bengaluru",Royal Challengers Bengaluru,Gujarat Titans,Gujarat Titans,field,Gujarat Titans
Indian Premier League,2025,15,2025-04-03,Kolkata,"Eden Gardens, Kolkata",Kolkata Knight Riders,Sunrisers Hyderabad,Sunrisers Hyderabad,field,Kolkata Knight Riders
Indian Premier League,2025,16,2025-04-04,Lucknow,"Bharat Ratna Shri Atal Bihari Vajpayee Ekana Cricket Stadium, Lucknow",Lucknow Super Giants,Mumbai Indians,Mumbai Indians,field,Lucknow Super Giants
Indian Premier League,2025,17,2025-04-05,Chennai,"MA Chidambaram Stadium, Chepauk, Chennai",Delhi Capitals,Chennai Super Kings,Delhi Capitals,bat,Delhi Capitals
Indian Premier League,2025,18,2025-04-05,Mohali,"Maharaja Yadavindra Singh International Cricket Stadium, Mullanpur",Rajasthan Royals,Punjab Kings,Punjab Kings,field,Rajasthan Royals
Indian Premier League,2025,19,2025-04-06,Hyderabad,"Rajiv Gandhi International Stadium, Uppal, Hyderabad",Sunrisers Hyderabad,Gujarat Titans,Gujarat Titans,field,Gujarat Titans
Indian Premier League,2025,20,2025-04-07,Mumbai,"Wankhede Stadium, Mumbai",Royal Challengers Bengaluru,Mumbai Indians,Mumbai Indians,field,Royal Challengers Bengaluru
Indian Premier League,2025,21,2025-04-08,Kolkata,"Eden Gardens, Kolkata",Lucknow Super Giants,Kolkata Knight Riders,Kolkata Knight Riders,field,Lucknow Super Giants
Indian Premier League,2025,22,2025-04-08,Mohali,"Maharaja Yadavindra Singh International Cricket Stadium, Mullanpur",Punjab Kings,Chennai Super Kings,Punjab Kings,bat,Punjab Kings
Indian Premier League,2025,23,2025-04-09,Ahmedabad,"Narendra Modi Stadium, Ahmedabad",Gujarat Titans,Rajasthan Royals,Rajasthan Royals,field,Gujarat Titans
Indian Premier League,2025,24,2025-04-10,Bengaluru,"M Chinnaswamy Stadium, Bengaluru",Royal Challengers Bengaluru,Delhi Capitals,Delhi Capitals,field,Delhi Capitals
Indian Premier League,2025,25,2025-04-11,Chennai,"MA Chidambaram Stadium, Chepauk, Chennai",Chennai Super Kings,Kolkata Knight Riders,Kolkata Knight Riders,field,Kolkata Knight Riders
Indian Premier League,2025,26,2025-04-12,Lucknow,"Bharat Ratna Shri Atal Bihari Vajpayee Ekana Cricket Stadium, Lucknow",Gujarat Titans,Lucknow Super Giants,Lucknow Super Giants,field,Lucknow Super Giants
Indian Premier League,2025,27,2025-04-12,Hyderabad,"Rajiv Gandhi International Stadium, Uppal, Hyderabad",Punjab Kings,Sunrisers Hyderabad,Punjab Kings,bat,Sunrisers Hyderabad
Indian Premier League,2025,28,2025-04-13,Jaipur,"Sawai Mansingh Stadium, Jaipur",Rajasthan Royals,Royal Challengers Bengaluru,Royal Challengers Bengaluru,field,Royal Challengers Bengaluru
Indian Premier League,2025,29,2025-04-13,Delhi,"Arun Jaitley Stadium, Delhi",Mumbai Indians,Delhi Capitals,Delhi Capitals,field,Mumbai Indians
Indian Premier League,2025,30,2025-04-14,Lucknow,"Bharat Ratna Shri Atal Bihari Vajpayee Ekana Cricket Stadium, Lucknow",Lucknow Super Giants,Chennai Super Kings,Chennai Super Kings,field,Chennai Super Kings
Indian Premier League,2025,31,2025-04-15,Mohali,"Maharaja Yadavindra Singh International Cricket Stadium, Mullanpur",Punjab Kings,Kolkata Knight Riders,Punjab Kings,bat,Punjab Kings
Indian Premier League,2025,32,2025-04-16,Delhi,"Arun Jaitley Stadium, Delhi",Delhi Capitals,Rajasthan Royals,Rajasthan Royals,field,None
Indian Premier League,2025,33,2025-04-17,Mumbai,"Wankhede Stadium, Mumbai",Sunrisers Hyderabad,Mumbai Indians,Mumbai Indians,field,Mumbai Indians
Indian Premier League,2025,34,2025-04-18,Bengaluru,"M Chinnaswamy Stadium, Bengaluru",Royal Challengers Bengaluru,Punjab Kings,Punjab Kings,field,Punjab Kings
Indian Premier League,2025,35,2025-04-19,Ahmedabad,"Narendra Modi Stadium, Ahmedabad",Delhi Capitals,Gujarat Titans,Gujarat Titans,field,Gujarat Titans
Indian Premier League,2025,36,2025-04-19,Jaipur,"Sawai Mansingh Stadium, Jaipur",Lucknow Super Giants,Rajasthan Royals,Lucknow Super Giants,bat,Lucknow Super Giants
Indian Premier League,2025,37,2025-04-20,Mohali,"Maharaja Yadavindra Singh International Cricket Stadium, Mullanpur",Punjab Kings,Royal Challengers Bengaluru,Royal Challengers Bengaluru,field,Royal Challengers Bengaluru
Indian Premier League,2025,38,2025-04-20,Mumbai,"Wankhede Stadium, Mumbai",Chennai Super Kings,Mumbai Indians,Mumbai Indians,field,Mumbai Indians
Indian Premier League,2025,39,2025-04-21,Kolkata,"Eden Gardens, Kolkata",Gujarat Titans,Kolkata Knight Riders,Kolkata Knight Riders,field,Gujarat Titans
Indian Premier League,2025,40,2025-04-22,Lucknow,"Bharat Ratna Shri Atal Bihari Vajpayee Ekana Cricket Stadium, Lucknow",Lucknow Super Giants,Delhi Capitals,Delhi Capitals,field,Delhi Capitals
Indian Premier League,2025,41,2025-04-23,Hyderabad,"Rajiv Gandhi International Stadium, Uppal, Hyderabad",Sunrisers Hyderabad,Mumbai Indians,Mumbai Indians,field,Mumbai Indians
Indian Premier League,2025,42,2025-04-24,Bengaluru,"M Chinnaswamy Stadium, Bengaluru",Royal Challengers Bengaluru,Rajasthan Royals,Rajasthan Royals,field,Royal Challengers Bengaluru
Indian Premier League,2025,43,2025-04-25,Chennai,"MA Chidambaram Stadium, Chepauk, Chennai",Chennai Super Kings,Sunrisers Hyderabad,Sunrisers Hyderabad,field,Sunrisers Hyderabad
Indian Premier League,2025,44,2025-04-26,Kolkata,"Eden Gardens, Kolkata",Punjab Kings,Kolkata Knight Riders,Punjab Kings,bat,None
Indian Premier League,2025,45,2025-04-27,Mumbai,"Wankhede Stadium, Mumbai",Mumbai Indians,Lucknow Super Giants,Lucknow Super Giants,field,Mumbai Indians
Indian Premier League,2025,46,2025-04-27,Delhi,"Arun Jaitley Stadium, Delhi",Delhi Capitals,Royal Challengers Bengaluru,Royal Challengers Bengaluru,field,Royal Challengers Bengaluru
Indian Premier League,2025,47,2025-04-28,Jaipur,"Sawai Mansingh Stadium, Jaipur",Gujarat Titans,Rajasthan Royals,Rajasthan Royals,field,Rajasthan Royals
Indian Premier League,2025,48,2025-04-29,Delhi,"Arun Jaitley Stadium, Delhi",Kolkata Knight Riders,Delhi Capitals,Delhi Capitals,field,Kolkata Knight Riders
Indian Premier League,2025,49,2025-04-30,Chennai,"MA Chidambaram Stadium, Chepauk, Chennai",Chennai Super Kings,Punjab Kings,Punjab Kings,field,Punjab Kings
Indian Premier League,2025,50,2025-05-01,Jaipur,"Sawai Mansingh Stadium, Jaipur",Mumbai Indians,Rajasthan Royals,Rajasthan Royals,field,Mumbai Indians
Indian Premier League,2025,51,2025-05-02,Ahmedabad,"Narendra Modi Stadium, Ahmedabad",Gujarat Titans,Sunrisers Hyderabad,Sunrisers Hyderabad,field,Gujarat Titans
Indian Premier League,2025,52,2025-05-03,Bengaluru,"M Chinnaswamy Stadium, Bengaluru",Royal Challengers Bengaluru,Chennai Super Kings,Chennai Super Kings,field,Royal Challengers Bengaluru
Indian Premier League,2025,53,2025-05-04,Kolkata,"Eden Gardens, Kolkata",Kolkata Knight Riders,Rajasthan Royals,Kolkata Knight Riders,bat,Kolkata Knight Riders
Indian Premier League,2025,54,2025-05-04,Dharamsala,"Himachal Pradesh Cricket Association Stadium, Dharamsala",Punjab Kings,Lucknow Super Giants,Lucknow Super Giants,field,Punjab Kings
Indian Premier League,2025,55,2025-05-05,Hyderabad,"Rajiv Gandhi International Stadium, Uppal, Hyderabad",Delhi Capitals,Sunrisers Hyderabad,Sunrisers Hyderabad,field,None
Indian Premier League,2025,56,2025-05-06,Mumbai,"Wankhede Stadium, Mumbai",Mumbai Indians,Gujarat Titans,Gujarat Titans,field,Gujarat Titans
Indian Premier League,2025,57,2025-05-07,Kolkata,"Eden Gardens, Kolkata",Kolkata Knight Riders,Chennai Super Kings,Kolkata Knight Riders,bat,Chennai Super Kings
Indian Premier League,2025,58,2025-05-08,Dharamsala,"Himachal Pradesh Cricket Association Stadium, Dharamsala",Punjab Kings,Delhi Capitals,Punjab Kings,bat,None
Indian Premier League,2025,59,2025-05-18,Jaipur,"Sawai Mansingh Stadium, Jaipur",Punjab Kings,Rajasthan Royals,Punjab Kings,bat,Punjab Kings
Indian Premier League,2025,60,2025-05-18,Delhi,"Arun Jaitley Stadium, Delhi",Delhi Capitals,Gujarat Titans,Gujarat Titans,field,Gujarat Titans
Indian Premier League,2025,61,2025-05-19,Lucknow,"Bharat Ratna Shri Atal Bihari Vajpayee Ekana Cricket Stadium, Lucknow",Lucknow Super Giants,Sunrisers Hyderabad,Sunrisers Hyderabad,field,Sunrisers Hyderabad
Indian Premier League,2025,62,2025-05-20,Delhi,"Arun Jaitley Stadium, Delhi",Chennai Super Kings,Rajasthan Royals,Rajasthan Royals,field,Rajasthan Royals
Indian Premier League,2025,63,2025-05-21,Mumbai,"Wankhede Stadium, Mumbai",Mumbai Indians,Delhi Capitals,Delhi Capitals,field,Mumbai Indians
Indian Premier League,2025,64,2025-05-22,Ahmedabad,"Narendra Modi Stadium, Ahmedabad",Lucknow Super Giants,Gujarat Titans,Gujarat Titans,field,Lucknow Super Giants
Indian Premier League,2025,65,2025-05-23,Lucknow,"Bharat Ratna Shri Atal Bihari Vajpayee Ekana Cricket Stadium, Lucknow",Sunrisers Hyderabad,Royal Challengers Bengaluru,Royal Challengers Bengaluru,field,Sunrisers Hyderabad
Indian Premier League,2025,66,2025-05-24,Jaipur,"Sawai Mansingh Stadium, Jaipur",Punjab Kings,Delhi Capitals,Delhi Capitals,field,Delhi Capitals
Indian Premier League,2025,67,2025-05-25,Ahmedabad,"Narendra Modi Stadium, Ahmedabad",Chennai Super Kings,Gujarat Titans,Chennai Super Kings,bat,Chennai Super Kings
Indian Premier League,2025,68,2025-05-25,Delhi,"Arun Jaitley Stadium, Delhi",Sunrisers Hyderabad,Kolkata Knight Riders,Sunrisers Hyderabad,bat,Sunrisers Hyderabad
Indian Premier League,2025,69,2025-05-26,Jaipur,"Sawai Mansingh Stadium, Jaipur",Mumbai Indians,Punjab Kings,Punjab Kings,field,Punjab Kings
Indian Premier League,2025,70,2025-05-27,Lucknow,"Bharat Ratna Shri Atal Bihari Vajpayee Ekana Cricket Stadium, Lucknow",Lucknow Super Giants,Royal Challengers Bengaluru,Royal Challengers Bengaluru,field,Royal Challengers Bengaluru
Indian Premier League,2025,N/A,2025-05-29,New Chandigarh,"Maharaja Yadavindra Singh International Cricket Stadium, Mullanpur",Punjab Kings,Royal Challengers Bengaluru,Royal Challengers Bengaluru,field,Royal Challengers Bengaluru
Indian Premier League,2025,N/A,2025-05-30,New Chandigarh,"Maharaja Yadavindra Singh International Cricket Stadium, New Chandigarh",Mumbai Indians,Gujarat Titans,Mumbai Indians,bat,Mumbai Indians
Indian Premier League,2025,N/A,2025-06-01,Ahmedabad,"Narendra Modi Stadium, Ahmedabad",Mumbai Indians,Punjab Kings,Punjab Kings,field,Punjab Kings
Indian Premier League,2025,N/A,2025-06-03,Ahmedabad,"Narendra Modi Stadium, Ahmedabad",Royal Challengers Bengaluru,Punjab Kings,Punjab Kings,field,Royal Challengers Bengaluru
Indian Premier League,2026,1,2026-03-28,Bengaluru,"M Chinnaswamy Stadium, Bengaluru",Sunrisers Hyderabad,Royal Challengers Bengaluru,Royal Challengers Bengaluru,field,Royal Challengers Bengaluru
Indian Premier League,2026,2,2026-03-29,Mumbai,"Wankhede Stadium, Mumbai",Kolkata Knight Riders,Mumbai Indians,Mumbai Indians,field,Mumbai Indians
Indian Premier League,2026,3,2026-03-30,Guwahati,"Barsapara Cricket Stadium, Guwahati",Chennai Super Kings,Rajasthan Royals,Rajasthan Royals,field,Rajasthan Royals
Indian Premier League,2026,4,2026-03-31,New Chandigarh,"Maharaja Yadavindra Singh International Cricket Stadium, New Chandigarh",Gujarat Titans,Punjab Kings,Punjab Kings,field,Punjab Kings
Indian Premier League,2026,5,2026-04-01,Lucknow,"Bharat Ratna Shri Atal Bihari Vajpayee Ekana Cricket Stadium, Lucknow",Lucknow Super Giants,Delhi Capitals,Delhi Capitals,field,Delhi Capitals
Indian Premier League,2026,6,2026-04-02,Kolkata,"Eden Gardens, Kolkata",Sunrisers Hyderabad,Kolkata Knight Riders,Kolkata Knight Riders,field,Sunrisers Hyderabad
Indian Premier League,2026,7,2026-04-03,Chennai,"MA Chidambaram Stadium, Chepauk, Chennai",Chennai Super Kings,Punjab Kings,Punjab Kings,field,Punjab Kings
Indian Premier League,2026,8,2026-04-04,Delhi,"Arun Jaitley Stadium, Delhi",Mumbai Indians,Delhi Capitals,Delhi Capitals,field,Delhi Capitals
Indian Premier League,2026,9,2026-04-04,Ahmedabad,"Narendra Modi Stadium, Ahmedabad",Rajasthan Royals,Gujarat Titans,Rajasthan Royals,bat,Rajasthan Royals
Indian Premier League,2026,10,2026-04-05,Hyderabad,"Rajiv Gandhi International Stadium, Uppal, Hyderabad",Sunrisers Hyderabad,Lucknow Super Giants,Lucknow Super Giants,field,Lucknow Super Giants
Indian Premier League,2026,11,2026-04-05,Bengaluru,"M Chinnaswamy Stadium, Bengaluru",Royal Challengers Bengaluru,Chennai Super Kings,Chennai Super Kings,field,Royal Challengers Bengaluru
Indian Premier League,2026,12,2026-04-06,Kolkata,"Eden Gardens, Kolkata",Kolkata Knight Riders,Punjab Kings,Kolkata Knight Riders,bat,None
Indian Premier League,2026,13,2026-04-07,Guwahati,"Barsapara Cricket Stadium, Guwahati",Rajasthan Royals,Mumbai Indians,Mumbai Indians,field,Rajasthan Royals
Indian Premier League,2026,14,2026-04-08,Delhi,"Arun Jaitley Stadium, Delhi",Gujarat Titans,Delhi Capitals,Delhi Capitals,field,Gujarat Titans
Indian Premier League,2026,15,2026-04-09,Kolkata,"Eden Gardens, Kolkata",Kolkata Knight Riders,Lucknow Super Giants,Lucknow Super Giants,field,Lucknow Super Giants
Indian Premier League,2026,16,2026-04-10,Guwahati,"Barsapara Cricket Stadium, Guwahati",Royal Challengers Bengaluru,Rajasthan Royals,Rajasthan Royals,field,Rajasthan Royals
Indian Premier League,2026,17,2026-04-11,New Chandigarh,"Maharaja Yadavindra Singh International Cricket Stadium, New Chandigarh",Sunrisers Hyderabad,Punjab Kings,Punjab Kings,field,Punjab Kings
Indian Premier League,2026,18,2026-04-11,Chennai,"MA Chidambaram Stadium, Chepauk, Chennai",Chennai Super Kings,Delhi Capitals,Delhi Capitals,field,Chennai Super Kings
Indian Premier League,2026,19,2026-04-12,Lucknow,"Bharat Ratna Shri Atal Bihari Vajpayee Ekana Cricket Stadium, Lucknow",Lucknow Super Giants,Gujarat Titans,Gujarat Titans,field,Gujarat Titans
Indian Premier League,2026,20,2026-04-12,Mumbai,"Wankhede Stadium, Mumbai",Royal Challengers Bengaluru,Mumbai Indians,Mumbai Indians,field,Royal Challengers Bengaluru
Indian Premier League,2026,21,2026-04-13,Hyderabad,"Rajiv Gandhi International Stadium, Uppal, Hyderabad",Sunrisers Hyderabad,Rajasthan Royals,Rajasthan Royals,field,Sunrisers Hyderabad
Indian Premier League,2026,22,2026-04-14,Chennai,"MA Chidambaram Stadium, Chepauk, Chennai",Chennai Super Kings,Kolkata Knight Riders,Kolkata Knight Riders,field,Chennai Super Kings
Indian Premier League,2026,23,2026-04-15,Bengaluru,"M Chinnaswamy Stadium, Bengaluru",Lucknow Super Giants,Royal Challengers Bengaluru,Royal Challengers Bengaluru,field,Royal Challengers Bengaluru
Indian Premier League,2026,24,2026-04-16,Mumbai,"Wankhede Stadium, Mumbai",Mumbai Indians,Punjab Kings,Punjab Kings,field,Punjab Kings
Indian Premier League,2026,25,2026-04-17,Ahmedabad,"Narendra Modi Stadium, Ahmedabad",Kolkata Knight Riders,Gujarat Titans,Kolkata Knight Riders,bat,Gujarat Titans
Indian Premier League,2026,26,2026-04-18,Bengaluru,"M Chinnaswamy Stadium, Bengaluru",Royal Challengers Bengaluru,Delhi Capitals,Delhi Capitals,field,Delhi Capitals
Indian Premier League,2026,27,2026-04-18,Hyderabad,"Rajiv Gandhi International Stadium, Uppal, Hyderabad",Sunrisers Hyderabad,Chennai Super Kings,Chennai Super Kings,field,Sunrisers Hyderabad
Indian Premier League,2026,28,2026-04-19,Kolkata,"Eden Gardens, Kolkata",Rajasthan Royals,Kolkata Knight Riders,Rajasthan Royals,bat,Kolkata Knight Riders
Indian Premier League,2026,29,2026-04-19,New Chandigarh,"Maharaja Yadavindra Singh International Cricket Stadium, New Chandigarh",Punjab Kings,Lucknow Super Giants,Lucknow Super Giants,field,Punjab Kings
Indian Premier League,2026,30,2026-04-20,Ahmedabad,"Narendra Modi Stadium, Ahmedabad",Mumbai Indians,Gujarat Titans,Gujarat Titans,field,Mumbai Indians
Indian Premier League,2026,31,2026-04-21,Hyderabad,"Rajiv Gandhi International Stadium, Uppal, Hyderabad",Sunrisers Hyderabad,Delhi Capitals,Delhi Capitals,field,Sunrisers Hyderabad
Indian Premier League,2026,32,2026-04-22,Lucknow,"Bharat Ratna Shri Atal Bihari Vajpayee Ekana Cricket Stadium, Lucknow",Rajasthan Royals,Lucknow Super Giants,Lucknow Super Giants,field,Rajasthan Royals
Indian Premier League,2026,33,2026-04-23,Mumbai,"Wankhede Stadium, Mumbai",Chennai Super Kings,Mumbai Indians,Mumbai Indians,field,Chennai Super Kings
Indian Premier League,2026,34,2026-04-24,Bengaluru,"M Chinnaswamy Stadium, Bengaluru",Gujarat Titans,Royal Challengers Bengaluru,Royal Challengers Bengaluru,field,Royal Challengers Bengaluru
Indian Premier League,2026,35,2026-04-25,Delhi,"Arun Jaitley Stadium, Delhi",Delhi Capitals,Punjab Kings,Delhi Capitals,bat,Punjab Kings
Indian Premier League,2026,36,2026-04-25,Jaipur,"Sawai Mansingh Stadium, Jaipur",Rajasthan Royals,Sunrisers Hyderabad,Sunrisers Hyderabad,field,Sunrisers Hyderabad
Indian Premier League,2026,37,2026-04-26,Chennai,"MA Chidambaram Stadium, Chepauk, Chennai",Chennai Super Kings,Gujarat Titans,Gujarat Titans,field,Gujarat Titans
Indian Premier League,2026,38,2026-04-26,Lucknow,"Bharat Ratna Shri Atal Bihari Vajpayee Ekana Cricket Stadium, Lucknow",Kolkata Knight Riders,Lucknow Super Giants,Lucknow Super Giants,field,None
Indian Premier League,2026,39,2026-04-27,Delhi,"Arun Jaitley Stadium, Delhi",Delhi Capitals,Royal Challengers Bengaluru,Royal Challengers Bengaluru,field,Royal Challengers Bengaluru
Indian Premier League,2026,40,2026-04-28,New Chandigarh,"Maharaja Yadavindra Singh International Cricket Stadium, New Chandigarh",Punjab Kings,Rajasthan Royals,Rajasthan Royals,field,Rajasthan Royals
Indian Premier League,2026,41,2026-04-29,Mumbai,"Wankhede Stadium, Mumbai",Mumbai Indians,Sunrisers Hyderabad,Mumbai Indians,bat,Sunrisers Hyderabad
Indian Premier League,2026,42,2026-04-30,Ahmedabad,"Narendra Modi Stadium, Ahmedabad",Royal Challengers Bengaluru,Gujarat Titans,Gujarat Titans,field,Gujarat Titans
Indian Premier League,2026,43,2026-05-01,Jaipur,"Sawai Mansingh Stadium, Jaipur",Rajasthan Royals,Delhi Capitals,Rajasthan Royals,bat,Delhi Capitals
Indian Premier League,2026,44,2026-05-02,Chennai,"MA Chidambaram Stadium, Chepauk, Chennai",Mumbai Indians,Chennai Super Kings,Mumbai Indians,bat,Chennai Super Kings
Indian Premier League,2026,45,2026-05-03,Hyderabad,"Rajiv Gandhi International Stadium, Uppal, Hyderabad",Sunrisers Hyderabad,Kolkata Knight Riders,Sunrisers Hyderabad,bat,Kolkata Knight Riders
Indian Premier League,2026,46,2026-05-03,Ahmedabad,"Narendra Modi Stadium, Ahmedabad",Punjab Kings,Gujarat Titans,Gujarat Titans,field,Gujarat Titans
Indian Premier League,2026,47,2026-05-04,Mumbai,"Wankhede Stadium, Mumbai",Lucknow Super Giants,Mumbai Indians,Mumbai Indians,field,Mumbai Indians
Indian Premier League,2026,48,2026-05-05,Delhi,"Arun Jaitley Stadium, Delhi",Delhi Capitals,Chennai Super Kings,Delhi Capitals,bat,Chennai Super Kings
Indian Premier League,2026,49,2026-05-06,Hyderabad,"Rajiv Gandhi International Stadium, Uppal, Hyderabad",Sunrisers Hyderabad,Punjab Kings,Punjab Kings,field,Sunrisers Hyderabad
Indian Premier League,2026,50,2026-05-07,Lucknow,"Bharat Ratna Shri Atal Bihari Vajpayee Ekana Cricket Stadium, Lucknow",Lucknow Super Giants,Royal Challengers Bengaluru,Royal Challengers Bengaluru,field,Lucknow Super Giants
Indian Premier League,2026,51,2026-05-08,Delhi,"Arun Jaitley Stadium, Delhi",Delhi Capitals,Kolkata Knight Riders,Kolkata Knight Riders,field,Kolkata Knight Riders
Indian Premier League,2026,52,2026-05-09,Jaipur,"Sawai Mansingh Stadium, Jaipur",Gujarat Titans,Rajasthan Royals,Rajasthan Royals,field,Gujarat Titans
Indian Premier League,2026,53,2026-05-10,Chennai,"MA Chidambaram Stadium, Chepauk, Chennai",Lucknow Super Giants,Chennai Super Kings,Chennai Super Kings,field,Chennai Super Kings
Indian Premier League,2026,54,2026-05-10,Raipur,"Shaheed Veer Narayan Singh International Stadium, Raipur",Mumbai Indians,Royal Challengers Bengaluru,Royal Challengers Bengaluru,field,Royal Challengers Bengaluru
Indian Premier League,2026,55,2026-05-11,Dharamsala,"Himachal Pradesh Cricket Association Stadium, Dharamsala",Punjab Kings,Delhi Capitals,Delhi Capitals,field,Delhi Capitals
Indian Premier League,2026,56,2026-05-12,Ahmedabad,"Narendra Modi Stadium, Ahmedabad",Gujarat Titans,Sunrisers Hyderabad,Sunrisers Hyderabad,field,Gujarat Titans
Indian Premier League,2026,57,2026-05-13,Raipur,"Shaheed Veer Narayan Singh International Stadium, Raipur",Kolkata Knight Riders,Royal Challengers Bengaluru,Royal Challengers Bengaluru,field,Royal Challengers Bengaluru
Indian Premier League,2026,58,2026-05-14,Dharamsala,"Himachal Pradesh Cricket Association Stadium, Dharamsala",Punjab Kings,Mumbai Indians,Mumbai Indians,field,Mumbai Indians
Indian Premier League,2026,59,2026-05-15,Lucknow,"Bharat Ratna Shri Atal Bihari Vajpayee Ekana Cricket Stadium, Lucknow",Chennai Super Kings,Lucknow Super Giants,Lucknow Super Giants,field,Lucknow Super Giants
Indian Premier League,2026,60,2026-05-16,Kolkata,"Eden Gardens, Kolkata",Kolkata Knight Riders,Gujarat Titans,Gujarat Titans,field,Kolkata Knight Riders
Indian Premier League,2026,61,2026-05-17,Dharamsala,"Himachal Pradesh Cricket Association Stadium, Dharamsala",Royal Challengers Bengaluru,Punjab Kings,Punjab Kings,field,Royal Challengers Bengaluru
Indian Premier League,2026,62,2026-05-17,Delhi,"Arun Jaitley Stadium, Delhi",Rajasthan Royals,Delhi Capitals,Delhi Capitals,field,Delhi Capitals
Indian Premier League,2026,63,2026-05-18,Chennai,"MA Chidambaram Stadium, Chepauk, Chennai",Chennai Super Kings,Sunrisers Hyderabad,Chennai Super Kings,bat,Sunrisers Hyderabad
Indian Premier League,2026,64,2026-05-19,Jaipur,"Sawai Mansingh Stadium, Jaipur",Lucknow Super Giants,Rajasthan Royals,Rajasthan Royals,field,Rajasthan Royals
Indian Premier League,2026,65,2026-05-20,Kolkata,"Eden Gardens, Kolkata",Mumbai Indians,Kolkata Knight Riders,Kolkata Knight Riders,field,Kolkata Knight Riders
Indian Premier League,2026,66,2026-05-21,Ahmedabad,"Narendra Modi Stadium, Ahmedabad",Gujarat Titans,Chennai Super Kings,Chennai Super Kings,field,Gujarat Titans
Indian Premier League,2026,67,2026-05-22,Hyderabad,"Rajiv Gandhi International Stadium, Uppal, Hyderabad",Sunrisers Hyderabad,Royal Challengers Bengaluru,Sunrisers Hyderabad,bat,Sunrisers Hyderabad
Indian Premier League,2026,68,2026-05-23,Lucknow,"Bharat Ratna Shri Atal Bihari Vajpayee Ekana Cricket Stadium, Lucknow",Lucknow Super Giants,Punjab Kings,Punjab Kings,field,Punjab Kings
Indian Premier League,2026,69,2026-05-24,Mumbai,"Wankhede Stadium, Mumbai",Rajasthan Royals,Mumbai Indians,Mumbai Indians,field,Rajasthan Royals
Indian Premier League,2026,70,2026-05-24,Kolkata,"Eden Gardens, Kolkata",Delhi Capitals,Kolkata Knight Riders,Kolkata Knight Riders,field,Delhi Capitals
Indian Premier League,2026,N/A,2026-05-26,Dharamsala,"Himachal Pradesh Cricket Association Stadium, Dharamsala",Royal Challengers Bengaluru,Gujarat Titans,Gujarat Titans,field,Royal Challengers Bengaluru
Indian Premier League,2026,N/A,2026-05-27,New Chandigarh,"Maharaja Yadavindra Singh International Cricket Stadium, New Chandigarh",Rajasthan Royals,Sunrisers Hyderabad,Sunrisers Hyderabad,field,Rajasthan Royals
Indian Premier League,2026,N/A,2026-05-29,New Chandigarh,"Maharaja Yadavindra Singh International Cricket Stadium, New Chandigarh",Rajasthan Royals,Gujarat Titans,Rajasthan Royals,bat,Gujarat Titans
Indian Premier League,2026,N/A,2026-05-31,Ahmedabad,"Narendra Modi Stadium, Ahmedabad",Gujarat Titans,Royal Challengers Bengaluru,Royal Challengers Bengaluru,field,Royal Challengers Bengaluru
